transaction_id,customer_id,date,region,product,amount,status
0,359,2024-01-21,East,Credit Card,2170.88,success
1,452,2024-01-12,West,Loan,2938.09,success
2,356,2024-03-19,East,Loan,1240.632,failed
3,424,2024-03-22,South,Credit Card,1796.768,failed
4,97,2024-02-28,South,Credit Card,1339.88,failed
5,80,2024-01-28,West,Credit Card,2915.73,success
6,346,2024-01-07,North,Loan,2589.72,failed
7,27,2024-03-08,North,Credit Card,1765.41,success
8,333,2024-01-17,West,Loan,1143.43,failed
9,360,2024-03-24,South,Savings,2141.552,failed
10,27,2024-03-28,North,Savings,1554.1840000000002,success
11,380,2024-03-06,West,Credit Card,2618.91,success
12,422,2024-03-31,North,Loan,1602.096,failed
13,164,2024-03-16,East,Savings,1618.7920000000001,failed
14,301,2024-01-11,North,Savings,1774.97,success
15,127,2024-03-03,South,Credit Card,2311.42,success
16,390,2024-02-12,East,Credit Card,2060.15,success
17,182,2024-02-03,South,Loan,2257.22,success
18,126,2024-02-13,North,Loan,1232.94,success
19,290,2024-01-27,North,Credit Card,2638.84,success
20,338,2024-01-22,West,Credit Card,2775.58,success
21,185,2024-01-11,West,Savings,2057.84,success
22,166,2024-02-14,East,Credit Card,3030.37,success
23,390,2024-02-25,East,Loan,2877.67,success
24,253,2024-01-09,South,Credit Card,2322.69,success
25,122,2024-03-23,West,Savings,2147.456,success
26,181,2024-01-30,North,Credit Card,2529.21,success
27,38,2024-03-06,North,Loan,1120.63,success
28,496,2024-01-04,North,Savings,1865.3,success
29,146,2024-03-14,South,Credit Card,2358.77,success
30,318,2024-03-27,East,Savings,2251.448,failed
31,475,2024-03-11,North,Loan,1309.95,failed
32,130,2024-02-19,West,Loan,1148.31,success
33,247,2024-03-23,East,Savings,1577.784,failed
34,269,2024-03-17,South,Credit Card,773.024,success
35,471,2024-01-13,East,Credit Card,1955.44,success
36,298,2024-02-16,South,Loan,2183.3,success
37,489,2024-01-19,West,Loan,1530.06,success
38,265,2024-01-27,North,Credit Card,1968.66,success
39,382,2024-01-03,South,Loan,2477.57,success
40,431,2024-03-16,North,Loan,1387.896,success
41,400,2024-02-06,East,Loan,1603.56,success
42,341,2024-02-04,South,Credit Card,1946.48,success
43,346,2024-01-29,North,Loan,1482.38,success
44,465,2024-02-08,South,Credit Card,2982.36,success
45,116,2024-03-10,South,Savings,2017.63,success
46,12,2024-01-06,East,Savings,1650.14,success
47,354,2024-01-17,South,Savings,2106.99,failed
48,106,2024-02-28,South,Credit Card,1943.84,success
49,90,2024-01-05,East,Loan,1889.52,success
50,108,2024-01-24,North,Savings,1734.75,success
51,62,2024-02-16,South,Savings,1712.09,success
52,386,2024-01-06,West,Loan,1242.4,success
53,194,2024-02-24,North,Credit Card,2683.44,success
54,145,2024-03-13,South,Loan,2288.28,success
55,113,2024-03-31,East,Savings,1724.5040000000001,success
56,219,2024-01-06,North,Loan,1936.04,success
57,86,2024-01-11,West,Credit Card,1522.23,success
58,396,2024-01-05,East,Savings,1621.82,success
59,227,2024-02-29,West,Loan,1288.87,success
60,321,2024-01-23,West,Savings,1676.71,success
61,167,2024-01-08,West,Loan,1459.23,success
62,184,2024-03-25,West,Credit Card,2274.856,failed
63,23,2024-01-10,North,Loan,2440.82,success
64,224,2024-02-02,East,Savings,2038.68,success
65,20,2024-01-27,East,Credit Card,1569.36,success
66,164,2024-01-18,East,Savings,1481.38,success
67,172,2024-01-28,North,Credit Card,1904.83,success
68,365,2024-02-13,East,Savings,2463.09,success
69,217,2024-02-14,South,Credit Card,2954.71,failed
70,341,2024-03-20,South,Credit Card,1040.576,success
71,386,2024-01-09,West,Credit Card,2281.48,success
72,282,2024-01-29,East,Loan,1674.68,success
73,498,2024-03-26,North,Loan,1405.152,success
74,72,2024-01-04,East,Credit Card,2024.26,success
75,60,2024-03-06,East,Credit Card,1584.52,failed
76,292,2024-01-20,East,Loan,1880.53,failed
77,196,2024-02-25,North,Savings,1546.22,success
78,445,2024-02-20,East,Credit Card,1711.61,success
79,191,2024-01-27,South,Loan,2377.7,success
80,212,2024-02-01,South,Credit Card,2049.67,success
81,146,2024-01-01,South,Credit Card,2375.69,success
82,325,2024-03-13,West,Loan,1668.69,success
83,359,2024-02-25,East,Loan,2285.3,success
84,270,2024-03-13,North,Savings,1186.23,success
85,182,2024-02-04,South,Loan,2024.04,success
86,330,2024-02-07,East,Credit Card,2319.3,success
87,138,2024-02-13,South,Savings,1169.24,success
88,465,2024-03-16,South,Loan,1339.2640000000001,success
89,473,2024-03-26,West,Loan,1618.96,success
90,317,2024-03-08,West,Loan,2503.15,success
91,494,2024-02-20,West,Savings,1711.55,success
92,450,2024-03-10,West,Savings,2264.9,success
93,364,2024-03-21,South,Loan,2176.6240000000003,success
94,359,2024-02-20,East,Credit Card,2288.54,success
95,348,2024-01-11,East,Savings,1898.48,failed
96,216,2024-01-24,East,Loan,2185.57,failed
97,293,2024-02-16,South,Loan,1698.01,success
98,410,2024-01-20,West,Credit Card,2043.29,success
99,23,2024-01-18,North,Credit Card,1922.16,success
100,45,2024-01-02,West,Loan,2168.8,success
101,20,2024-01-18,East,Loan,1794.06,success
102,352,2024-03-29,East,Loan,1757.784,success
103,416,2024-03-28,East,Loan,1431.6080000000002,success
104,195,2024-02-25,North,Savings,2435.56,success
105,222,2024-01-31,East,Loan,1836.99,success
106,236,2024-02-25,East,Credit Card,980.94,success
107,167,2024-01-07,West,Loan,1495.96,success
108,324,2024-01-19,East,Loan,2009.21,success
109,356,2024-03-29,East,Loan,2270.576,failed
110,41,2024-03-10,East,Savings,2414.7,failed
111,207,2024-01-21,West,Savings,894.43,success
112,235,2024-01-30,North,Savings,1260.71,success
113,412,2024-01-07,West,Credit Card,2571.88,success
114,67,2024-02-07,West,Credit Card,2316.39,success
115,174,2024-03-18,North,Loan,2508.28,success
116,163,2024-01-20,East,Credit Card,1770.32,success
117,18,2024-01-31,East,Credit Card,1575.08,success
118,183,2024-03-30,North,Savings,1628.624,failed
119,71,2024-02-27,East,Savings,1761.17,success
120,13,2024-02-02,South,Loan,2518.77,success
121,251,2024-01-31,East,Savings,1744.99,success
122,224,2024-02-04,East,Savings,1865.06,success
123,478,2024-03-25,North,Credit Card,1208.4959999999999,success
124,81,2024-03-07,East,Loan,2378.49,success
125,96,2024-01-15,North,Savings,1538.92,success
126,392,2024-03-06,South,Credit Card,2206.72,success
127,214,2024-03-16,North,Savings,2350.7200000000003,success
128,347,2024-02-17,West,Loan,1110.64,success
129,269,2024-02-23,South,Credit Card,2748.02,failed
130,146,2024-03-27,South,Savings,1711.9840000000002,success
131,312,2024-01-23,East,Savings,1437.26,success
132,440,2024-01-25,West,Savings,2054.7,success
133,29,2024-02-03,North,Savings,2362.88,failed
134,235,2024-03-28,North,Credit Card,1283.808,success
135,91,2024-02-11,North,Savings,2235.73,success
136,457,2024-02-25,North,Savings,2796.59,failed
137,195,2024-03-05,North,Savings,1744.39,failed
138,189,2024-03-26,South,Savings,1204.16,failed
139,214,2024-03-18,North,Loan,1549.688,success
140,10,2024-03-29,North,Loan,1622.288,success
141,230,2024-03-24,North,Loan,2037.68,success
142,434,2024-01-09,East,Credit Card,1921.0,success
143,437,2024-02-08,North,Loan,1786.56,success
144,391,2024-03-17,North,Loan,1195.16,success
145,356,2024-03-15,East,Loan,1172.57,failed
146,237,2024-02-03,West,Loan,1355.02,success
147,30,2024-03-13,East,Loan,1352.46,success
148,200,2024-02-21,West,Credit Card,1870.2,success
149,359,2024-01-14,East,Loan,1248.43,success
150,23,2024-01-28,North,Credit Card,651.56,failed
151,151,2024-02-13,North,Savings,1972.85,success
152,73,2024-02-03,North,Credit Card,2924.48,success
153,4,2024-02-12,East,Credit Card,2563.28,success
154,146,2024-03-03,South,Savings,1865.56,success
155,47,2024-03-21,South,Loan,1157.392,failed
156,58,2024-03-05,North,Credit Card,3286.68,success
157,278,2024-03-13,North,Savings,2029.61,success
158,117,2024-01-07,North,Savings,2099.04,success
159,284,2024-02-10,West,Credit Card,1927.82,success
160,466,2024-02-24,South,Loan,1983.62,success
161,55,2024-01-21,East,Loan,1728.29,success
162,293,2024-03-03,South,Credit Card,1872.51,success
163,344,2024-03-23,West,Credit Card,2201.6,success
164,50,2024-02-06,East,Loan,2623.04,success
165,369,2024-03-15,East,Loan,963.3,success
166,485,2024-02-14,North,Credit Card,1296.24,success
167,45,2024-01-19,West,Savings,1611.09,success
168,145,2024-01-06,South,Savings,2467.84,success
169,471,2024-03-27,East,Credit Card,2108.6240000000003,success
170,482,2024-03-31,East,Savings,1888.6720000000003,success
171,233,2024-01-25,West,Loan,1435.47,success
172,38,2024-02-20,North,Credit Card,1737.74,success
173,215,2024-03-07,East,Savings,2244.69,success
174,377,2024-01-16,South,Loan,1879.84,success
175,147,2024-01-04,East,Loan,1812.59,success
176,157,2024-01-25,North,Credit Card,1819.52,success
177,369,2024-03-01,East,Loan,2579.66,success
178,86,2024-01-08,West,Credit Card,2296.55,success
179,47,2024-03-03,South,Loan,1845.23,success
180,442,2024-01-02,West,Loan,2163.07,success
181,322,2024-01-10,East,Savings,1374.44,success
182,283,2024-02-08,South,Loan,1738.64,success
183,494,2024-01-21,West,Savings,2524.5,success
184,447,2024-02-23,South,Loan,1221.69,success
185,26,2024-01-11,East,Savings,2303.0,success
186,404,2024-01-11,South,Loan,959.04,success
187,89,2024-01-10,East,Loan,2848.23,failed
188,284,2024-03-14,West,Savings,1727.54,success
189,109,2024-01-16,North,Credit Card,2199.57,success
190,131,2024-03-09,East,Credit Card,2057.11,success
191,187,2024-01-04,East,Credit Card,2075.15,success
192,425,2024-03-22,South,Loan,1723.1200000000001,success
193,373,2024-03-08,West,Credit Card,1144.92,success
194,176,2024-03-29,South,Loan,1668.344,failed
195,95,2024-03-07,East,Credit Card,1908.01,success
196,50,2024-01-31,East,Loan,1730.12,success
197,312,2024-02-22,East,Savings,1610.85,failed
198,283,2024-02-02,South,Credit Card,2097.92,success
199,66,2024-02-16,West,Loan,1510.81,success
200,30,2024-03-01,East,Savings,2514.58,success
201,276,2024-02-12,East,Loan,2236.3,success
202,115,2024-01-22,West,Savings,2128.01,success
203,210,2024-01-03,West,Savings,2491.35,success
204,462,2024-02-24,North,Loan,1079.56,success
205,149,2024-03-11,North,Savings,1360.21,success
206,250,2024-03-05,North,Loan,2258.83,success
207,413,2024-03-15,North,Loan,1637.13,success
208,321,2024-01-07,West,Loan,1694.24,success
209,200,2024-02-04,West,Loan,1296.67,success
210,66,2024-01-30,West,Loan,1512.06,success
211,275,2024-03-05,North,Credit Card,2526.82,success
212,280,2024-02-07,West,Loan,2246.66,success
213,10,2024-01-26,North,Credit Card,2092.42,success
214,206,2024-02-28,East,Credit Card,1712.18,success
215,483,2024-02-06,North,Loan,2061.0,success
216,386,2024-01-21,West,Loan,2574.64,success
217,7,2024-03-07,North,Loan,1648.41,success
218,351,2024-03-27,East,Loan,1586.008,success
219,478,2024-01-07,North,Savings,2885.4,success
220,407,2024-01-23,South,Loan,2353.88,success
221,55,2024-02-17,East,Loan,1718.77,success
222,389,2024-01-01,East,Loan,2310.9,success
223,384,2024-03-14,North,Loan,1214.89,success
224,8,2024-03-15,West,Credit Card,1962.78,success
225,228,2024-01-28,West,Credit Card,2310.34,success
226,342,2024-03-30,South,Savings,1752.08,failed
227,5,2024-01-17,East,Credit Card,2305.29,success
228,387,2024-01-08,South,Savings,2416.96,success
229,322,2024-03-28,East,Credit Card,1783.6720000000003,success
230,49,2024-02-10,North,Savings,2214.81,success
231,206,2024-02-10,East,Savings,2103.84,success
232,158,2024-03-16,West,Savings,1167.576,failed
233,418,2024-03-03,North,Loan,2526.58,failed
234,43,2024-01-14,West,Credit Card,1980.22,success
235,253,2024-01-02,South,Savings,2340.75,success
236,421,2024-03-14,East,Credit Card,2469.14,success
237,334,2024-01-23,East,Savings,1741.98,success
238,242,2024-02-25,South,Credit Card,1782.75,success
239,272,2024-03-12,North,Credit Card,1845.41,success
240,267,2024-03-07,South,Credit Card,2627.88,success
241,425,2024-01-05,South,Loan,1552.7,success
242,55,2024-03-18,East,Loan,2178.792,success
243,497,2024-01-06,North,Credit Card,2098.28,success
244,91,2024-01-26,North,Credit Card,2133.53,success
245,156,2024-03-03,South,Loan,2444.82,success
246,120,2024-03-23,South,Savings,1632.9120000000003,failed
247,442,2024-03-23,West,Loan,2026.192,failed
248,423,2024-03-08,West,Credit Card,1741.36,success
249,85,2024-03-17,North,Loan,2163.7360000000003,success
250,261,2024-03-18,South,Loan,1421.8000000000002,success
251,398,2024-02-21,East,Savings,2726.69,success
252,182,2024-02-02,South,Savings,1789.91,success
253,298,2024-02-08,South,Credit Card,1859.11,success
254,459,2024-02-18,East,Loan,1497.93,success
255,402,2024-03-12,East,Credit Card,1616.1,success
256,52,2024-02-01,South,Savings,1982.66,success
257,164,2024-01-14,East,Loan,2117.11,success
258,292,2024-03-12,East,Loan,2492.16,failed
259,93,2024-03-29,North,Loan,1514.4080000000001,success
260,398,2024-03-08,East,Credit Card,1438.64,failed
261,53,2024-03-06,West,Credit Card,2191.2,success
262,181,2024-02-28,North,Loan,2083.23,success
263,291,2024-02-12,East,Loan,2246.23,success
264,427,2024-03-18,South,Credit Card,1344.9040000000002,success
265,412,2024-01-25,West,Savings,1734.5,success
266,122,2024-03-27,West,Savings,1345.048,success
267,359,2024-03-26,East,Credit Card,2075.608,failed
268,110,2024-01-05,East,Savings,2710.25,success
269,176,2024-03-18,South,Loan,1371.7040000000002,success
270,25,2024-01-04,South,Loan,1723.89,success
271,360,2024-02-01,South,Credit Card,2316.47,success
272,165,2024-01-21,South,Credit Card,2773.75,success
273,86,2024-03-07,West,Loan,2897.94,success
274,488,2024-03-28,West,Credit Card,1354.888,failed
275,217,2024-01-04,South,Loan,1806.15,failed
276,488,2024-02-17,West,Loan,2142.93,success
277,87,2024-01-31,East,Savings,2167.23,success
278,41,2024-03-07,East,Credit Card,1911.53,success
279,21,2024-03-26,North,Loan,1280.68,success
280,183,2024-03-07,North,Savings,1983.44,success
281,196,2024-01-23,North,Credit Card,2897.28,success
282,430,2024-02-25,South,Savings,1741.19,success
283,429,2024-02-11,West,Credit Card,2111.89,success
284,140,2024-02-09,South,Savings,3263.47,success
285,175,2024-03-06,East,Savings,1734.57,success
286,37,2024-01-06,West,Savings,2340.95,success
287,142,2024-01-10,West,Credit Card,2923.35,success
288,337,2024-01-01,West,Credit Card,2295.33,success
289,131,2024-03-31,East,Credit Card,2043.48,failed
290,438,2024-02-19,East,Loan,2410.24,success
291,302,2024-03-05,South,Savings,2253.64,success
292,331,2024-02-24,East,Credit Card,2691.08,success
293,365,2024-02-02,East,Credit Card,2324.35,success
294,66,2024-03-30,West,Credit Card,1533.152,success
295,441,2024-02-03,East,Loan,2073.36,success
296,463,2024-03-28,North,Savings,1747.4720000000002,failed
297,0,2024-02-18,South,Credit Card,1803.33,success
298,311,2024-01-08,East,Loan,2095.55,success
299,153,2024-03-02,West,Credit Card,2023.22,success
300,226,2024-03-22,West,Credit Card,1858.192,failed
301,323,2024-03-26,East,Credit Card,2465.304,success
302,305,2024-01-09,West,Credit Card,2124.69,failed
303,175,2024-01-02,East,Credit Card,2788.73,success
304,186,2024-01-07,West,Loan,2303.95,success
305,111,2024-03-07,South,Savings,2093.3,failed
306,452,2024-02-17,West,Credit Card,1776.78,success
307,75,2024-02-28,West,Loan,2097.04,success
308,221,2024-02-28,South,Savings,2066.48,success
309,344,2024-03-15,West,Credit Card,1649.94,success
310,453,2024-03-04,North,Savings,1720.54,success
311,264,2024-03-12,West,Credit Card,2188.61,success
312,339,2024-03-24,South,Loan,2226.208,success
313,202,2024-01-08,North,Loan,1967.12,success
314,424,2024-01-26,South,Loan,1275.99,success
315,499,2024-02-16,South,Savings,900.6,success
316,157,2024-02-06,North,Credit Card,1489.38,success
317,384,2024-01-15,North,Credit Card,2354.18,success
318,45,2024-01-11,West,Loan,1359.85,failed
319,308,2024-02-01,South,Savings,2436.23,success
320,13,2024-02-23,South,Credit Card,2325.1,success
321,298,2024-03-08,South,Credit Card,1950.41,success
322,200,2024-01-19,West,Credit Card,1237.24,failed
323,423,2024-01-29,West,Loan,1654.05,success
324,20,2024-01-26,East,Savings,1879.38,success
325,322,2024-01-13,East,Loan,2176.03,success
326,483,2024-03-14,North,Loan,1374.23,success
327,123,2024-03-22,East,Loan,2177.5040000000004,success
328,259,2024-02-25,North,Savings,2171.36,success
329,219,2024-01-25,North,Loan,2228.38,success
330,336,2024-02-03,East,Credit Card,2321.36,success
331,320,2024-01-19,North,Savings,2664.58,success
332,56,2024-03-18,East,Loan,1678.6080000000002,success
333,134,2024-03-04,South,Loan,2354.5,success
334,57,2024-02-13,West,Savings,1661.8,success
335,131,2024-03-05,East,Credit Card,2900.47,success
336,16,2024-03-03,West,Loan,2064.05,success
337,172,2024-03-11,North,Credit Card,1659.47,success
338,47,2024-03-27,South,Loan,1421.5280000000002,success
339,204,2024-01-17,North,Credit Card,1055.23,success
340,479,2024-01-22,West,Loan,1773.85,success
341,7,2024-02-15,North,Loan,788.06,success
342,370,2024-02-17,East,Credit Card,2392.9,success
343,240,2024-02-20,West,Loan,2212.73,success
344,5,2024-03-18,East,Loan,1213.208,success
345,407,2024-01-05,South,Savings,1976.14,failed
346,463,2024-03-06,North,Credit Card,1998.2,success
347,262,2024-01-25,West,Savings,1420.82,success
348,0,2024-03-20,South,Savings,1511.616,success
349,173,2024-01-16,East,Savings,2013.44,success
350,227,2024-01-31,West,Credit Card,1876.41,success
351,3,2024-01-12,East,Credit Card,1659.01,success
352,483,2024-02-21,North,Credit Card,1499.19,success
353,304,2024-03-08,East,Credit Card,1859.45,success
354,112,2024-01-08,North,Savings,1714.41,success
355,127,2024-03-09,South,Credit Card,2286.29,success
356,295,2024-01-18,East,Savings,2699.68,success
357,348,2024-02-14,East,Loan,2462.32,failed
358,19,2024-03-06,East,Savings,2029.82,success
359,1,2024-03-29,North,Savings,1341.2240000000002,failed
360,249,2024-02-22,North,Loan,2447.6,success
361,426,2024-02-01,North,Loan,2317.59,success
362,139,2024-03-31,South,Savings,2126.96,success
363,100,2024-02-09,East,Credit Card,2098.8,success
364,428,2024-02-16,South,Savings,2867.98,success
365,66,2024-02-04,West,Credit Card,2098.96,success
366,191,2024-03-01,South,Savings,1674.29,success
367,454,2024-03-05,North,Loan,1758.06,success
368,442,2024-02-12,West,Savings,2261.42,success
369,153,2024-02-05,West,Loan,1713.15,success
370,424,2024-03-19,South,Savings,2291.016,success
371,462,2024-02-29,North,Loan,2218.16,failed
372,183,2024-01-13,North,Savings,2019.0,success
373,99,2024-01-24,West,Savings,2060.02,success
374,254,2024-02-07,South,Savings,1871.31,success
375,22,2024-03-30,North,Credit Card,932.5680000000001,failed
376,49,2024-03-06,North,Loan,1758.41,success
377,439,2024-01-31,South,Savings,2786.99,success
378,116,2024-01-06,South,Loan,2112.23,success
379,460,2024-02-29,North,Loan,2523.55,success
380,85,2024-01-27,North,Savings,2539.34,failed
381,414,2024-01-15,West,Credit Card,1980.75,success
382,350,2024-01-02,East,Credit Card,2326.16,failed
383,221,2024-02-07,South,Savings,1211.8,success
384,73,2024-03-12,North,Loan,2738.27,success
385,230,2024-01-25,North,Savings,2690.05,success
386,467,2024-02-23,North,Credit Card,2247.02,success
387,437,2024-02-20,North,Credit Card,2130.34,success
388,341,2024-01-30,South,Loan,1987.22,success
389,17,2024-02-09,South,Savings,2586.36,success
390,424,2024-02-08,South,Savings,2385.85,success
391,37,2024-03-14,West,Savings,575.73,success
392,493,2024-03-02,North,Savings,1818.78,failed
393,424,2024-03-14,South,Credit Card,1440.17,success
394,194,2024-01-06,North,Loan,1352.66,success
395,12,2024-01-06,East,Savings,2580.41,success
396,350,2024-02-16,East,Loan,1976.54,success
397,355,2024-03-27,South,Credit Card,1790.816,success
398,270,2024-01-03,North,Credit Card,2038.41,success
399,266,2024-01-14,West,Savings,1358.5,success
400,35,2024-03-07,South,Credit Card,1221.71,success
401,154,2024-03-04,North,Loan,1785.94,success
402,292,2024-02-21,East,Credit Card,1825.67,success
403,491,2024-02-02,North,Savings,1825.37,success
404,64,2024-01-22,West,Loan,1839.18,success
405,201,2024-02-02,West,Loan,3038.37,success
406,114,2024-02-01,South,Loan,2515.14,success
407,21,2024-03-07,North,Loan,2119.39,success
408,21,2024-03-28,North,Loan,1571.3600000000001,success
409,81,2024-01-26,East,Savings,1981.39,failed
410,476,2024-03-29,North,Savings,1893.0560000000003,success
411,187,2024-02-17,East,Loan,1959.64,success
412,296,2024-03-28,West,Loan,1966.528,success
413,345,2024-01-17,East,Loan,2173.24,success
414,489,2024-01-19,West,Credit Card,3044.19,success
415,282,2024-03-03,East,Savings,1930.21,success
416,175,2024-02-05,East,Loan,2554.09,success
417,10,2024-02-26,North,Credit Card,1480.05,success
418,410,2024-02-14,West,Savings,1688.12,success
419,48,2024-02-10,West,Credit Card,2957.02,success
420,239,2024-03-28,North,Loan,1948.0240000000003,failed
421,243,2024-03-13,East,Credit Card,2247.84,success
422,312,2024-01-17,East,Credit Card,3201.71,success
423,102,2024-01-05,East,Credit Card,1971.19,success
424,87,2024-01-27,East,Loan,2552.76,success
425,89,2024-01-15,East,Credit Card,2593.52,success
426,105,2024-03-14,North,Credit Card,2816.72,success
427,423,2024-02-12,West,Savings,1426.83,success
428,77,2024-01-25,East,Savings,1967.93,success
429,190,2024-02-28,North,Savings,2164.38,success
430,97,2024-01-18,South,Credit Card,2806.86,success
431,452,2024-01-22,West,Credit Card,2226.77,success
432,159,2024-02-18,West,Loan,2594.74,success
433,427,2024-01-15,South,Savings,1386.2,success
434,49,2024-02-22,North,Loan,1851.22,success
435,107,2024-03-07,North,Loan,2687.85,success
436,286,2024-03-16,East,Savings,1530.768,success
437,378,2024-03-23,North,Savings,1606.232,success
438,301,2024-03-21,North,Credit Card,2237.8,success
439,61,2024-03-28,East,Credit Card,1261.2160000000001,success
440,166,2024-02-25,East,Credit Card,1680.52,success
441,145,2024-01-01,South,Savings,1338.46,success
442,335,2024-02-15,South,Savings,2821.01,success
443,84,2024-02-20,East,Savings,2504.91,success
444,264,2024-01-23,West,Loan,2490.88,success
445,304,2024-02-28,East,Savings,1837.58,success
446,309,2024-03-28,West,Credit Card,1044.1680000000001,success
447,17,2024-01-10,South,Savings,1177.3,success
448,364,2024-02-10,South,Credit Card,2692.14,success
449,476,2024-03-18,North,Credit Card,1825.56,success
450,262,2024-01-22,West,Credit Card,2379.46,success
451,456,2024-01-02,North,Loan,2140.6,failed
452,386,2024-03-23,West,Loan,1298.4160000000002,success
453,143,2024-03-22,East,Savings,1487.728,success
454,468,2024-03-12,West,Credit Card,1505.7,success
455,301,2024-03-04,North,Loan,1448.21,success
456,96,2024-01-31,North,Loan,2459.16,success
457,31,2024-01-04,West,Savings,1214.75,success
458,164,2024-02-23,East,Savings,1508.76,success
459,254,2024-02-17,South,Credit Card,1887.68,success
460,258,2024-01-02,South,Loan,2052.69,success
461,402,2024-03-04,East,Savings,1332.99,success
462,295,2024-01-13,East,Credit Card,1203.5,failed
463,20,2024-03-07,East,Loan,2220.24,success
464,400,2024-03-14,East,Savings,2111.96,success
465,203,2024-01-22,West,Credit Card,2682.07,success
466,128,2024-01-27,East,Savings,2061.15,success
467,237,2024-02-18,West,Credit Card,2271.65,success
468,154,2024-01-10,North,Credit Card,1649.0,success
469,382,2024-03-11,South,Credit Card,1668.55,success
470,197,2024-02-06,West,Loan,1378.07,success
471,323,2024-02-14,East,Credit Card,1653.55,success
472,38,2024-03-25,North,Loan,1482.0240000000001,success
473,172,2024-03-16,North,Savings,2099.096,success
474,312,2024-02-03,East,Savings,1582.33,success
475,450,2024-01-01,West,Credit Card,3072.57,success
476,182,2024-01-12,South,Loan,2316.89,success
477,55,2024-03-11,East,Credit Card,2206.9,success
478,482,2024-03-08,East,Credit Card,2021.91,success
479,350,2024-03-06,East,Credit Card,1926.5,success
480,128,2024-01-25,East,Loan,1721.25,success
481,180,2024-02-09,West,Credit Card,1315.1,success
482,427,2024-02-22,South,Loan,1598.16,success
483,216,2024-02-26,East,Loan,2819.56,success
484,396,2024-01-30,East,Savings,2284.49,success
485,348,2024-01-15,East,Loan,2814.2,success
486,80,2024-01-13,West,Savings,1709.16,success
487,122,2024-02-28,West,Loan,1492.62,success
488,490,2024-01-07,South,Credit Card,2017.04,success
489,15,2024-02-12,South,Savings,1615.01,success
490,385,2024-03-06,East,Loan,2116.89,success
491,149,2024-01-17,North,Savings,1222.05,success
492,465,2024-01-21,South,Loan,1003.13,success
493,396,2024-02-01,East,Credit Card,2187.03,success
494,421,2024-01-01,East,Savings,2836.29,success
495,366,2024-01-13,West,Savings,2209.51,success
496,10,2024-01-16,North,Credit Card,2279.16,success
497,420,2024-02-08,North,Loan,2038.0,success
498,345,2024-01-15,East,Credit Card,2084.68,success
499,308,2024-03-03,South,Savings,1293.14,success
500,104,2024-02-18,North,Loan,1632.24,success
501,38,2024-01-18,North,Loan,2618.05,success
502,361,2024-02-28,West,Loan,1453.84,failed
503,180,2024-03-15,West,Credit Card,1841.8,failed
504,389,2024-02-16,East,Credit Card,2606.55,success
505,151,2024-01-16,North,Savings,2070.86,success
506,365,2024-01-20,East,Savings,2096.02,success
507,215,2024-02-13,East,Credit Card,1845.44,success
508,136,2024-02-23,North,Credit Card,2354.05,success
509,36,2024-01-05,East,Loan,2478.35,success
510,252,2024-03-31,West,Savings,1285.6080000000002,success
511,70,2024-02-13,South,Loan,1334.38,failed
512,255,2024-02-02,West,Credit Card,1081.9,success
513,129,2024-03-18,North,Credit Card,1803.2,success
514,134,2024-01-24,South,Savings,2194.29,failed
515,286,2024-03-20,East,Credit Card,2597.2000000000003,success
516,103,2024-03-16,West,Credit Card,1632.728,success
517,267,2024-01-05,South,Savings,1950.56,success
518,337,2024-01-27,West,Credit Card,2133.7,success
519,431,2024-02-14,North,Credit Card,2160.85,success
520,226,2024-02-13,West,Savings,1912.52,success
521,438,2024-03-15,East,Credit Card,1622.13,success
522,45,2024-02-01,West,Savings,2014.09,success
523,128,2024-03-18,East,Savings,1596.352,success
524,165,2024-03-10,South,Loan,1987.49,success
525,21,2024-03-30,North,Loan,1927.1040000000003,failed
526,21,2024-02-09,North,Credit Card,2005.18,success
527,231,2024-01-28,West,Savings,1344.08,success
528,241,2024-03-21,North,Savings,1356.192,success
529,302,2024-02-20,South,Loan,1906.51,success
530,328,2024-02-09,North,Credit Card,2028.32,failed
531,98,2024-03-30,West,Loan,1811.88,success
532,351,2024-03-30,East,Savings,1625.7920000000001,success
533,182,2024-02-26,South,Savings,1012.27,success
534,424,2024-01-19,South,Credit Card,1395.15,success
535,216,2024-02-11,East,Loan,2299.96,success
536,86,2024-03-19,West,Loan,1514.624,success
537,85,2024-02-14,North,Loan,2745.36,failed
538,216,2024-02-02,East,Loan,2074.33,failed
539,372,2024-01-27,East,Loan,1831.46,success
540,337,2024-03-02,West,Loan,1693.3,success
541,405,2024-01-02,South,Loan,1848.77,success
542,79,2024-02-08,South,Credit Card,2080.29,success
543,480,2024-03-10,West,Credit Card,2001.52,success
544,443,2024-03-29,South,Credit Card,1979.8240000000003,success
545,253,2024-02-16,South,Savings,1257.55,success
546,315,2024-03-28,East,Savings,1053.248,success
547,382,2024-02-26,South,Loan,1887.62,success
548,459,2024-03-02,East,Loan,2270.73,success
549,341,2024-01-27,South,Savings,2379.58,success
550,113,2024-03-19,East,Loan,1369.392,success
551,195,2024-01-01,North,Loan,704.48,success
552,472,2024-01-11,North,Savings,1726.88,success
553,379,2024-02-14,North,Credit Card,2195.9,success
554,455,2024-01-28,East,Savings,1992.35,success
555,379,2024-03-04,North,Credit Card,2289.65,success
556,48,2024-03-12,West,Loan,2598.29,success
557,148,2024-03-02,West,Credit Card,1920.74,success
558,463,2024-03-05,North,Savings,1778.36,success
559,382,2024-02-24,South,Credit Card,1557.6,success
560,89,2024-03-02,East,Loan,1314.05,success
561,300,2024-01-17,South,Savings,1193.22,success
562,233,2024-02-04,West,Savings,1665.46,success
563,264,2024-02-14,West,Credit Card,2519.95,success
564,189,2024-03-17,South,Loan,1871.1680000000001,success
565,399,2024-01-04,South,Savings,1756.04,failed
566,91,2024-01-07,North,Credit Card,3078.65,success
567,426,2024-01-17,North,Credit Card,1697.14,success
568,374,2024-01-11,North,Savings,2650.87,success
569,167,2024-03-17,West,Loan,2224.608,success
570,222,2024-03-24,East,Loan,1783.992,success
571,489,2024-02-18,West,Savings,1661.14,success
572,365,2024-01-12,East,Savings,1817.34,success
573,403,2024-02-24,West,Credit Card,2092.34,success
574,289,2024-02-14,East,Credit Card,1326.44,success
575,291,2024-03-23,East,Credit Card,1211.352,failed
576,236,2024-03-28,East,Loan,1181.232,success
577,70,2024-02-17,South,Savings,2268.33,success
578,467,2024-01-20,North,Savings,2592.85,success
579,76,2024-01-22,South,Credit Card,2359.48,success
580,482,2024-03-13,East,Savings,2498.02,success
581,325,2024-03-06,West,Credit Card,1621.6,success
582,212,2024-01-08,South,Savings,1838.66,success
583,366,2024-01-25,West,Loan,1874.58,success
584,371,2024-03-09,South,Savings,2227.94,success
585,13,2024-03-12,South,Credit Card,3082.5,failed
586,279,2024-03-02,North,Savings,1678.24,failed
587,381,2024-03-27,West,Loan,1971.1360000000002,success
588,342,2024-02-21,South,Loan,2764.23,success
589,136,2024-01-03,North,Savings,2253.92,success
590,241,2024-03-26,North,Credit Card,1454.016,failed
591,332,2024-01-15,South,Savings,1580.4,success
592,84,2024-03-30,East,Credit Card,1182.08,success
593,332,2024-03-18,South,Loan,813.4560000000001,success
594,283,2024-01-09,South,Savings,1889.37,success
595,203,2024-03-02,West,Loan,1861.59,success
596,92,2024-01-26,South,Credit Card,2430.24,success
597,11,2024-03-28,West,Credit Card,1366.768,failed
598,382,2024-01-04,South,Loan,1916.44,success
599,232,2024-02-17,East,Credit Card,2141.29,success
600,12,2024-01-12,East,Loan,2245.49,success
601,216,2024-01-26,East,Savings,2367.44,success
602,475,2024-01-08,North,Credit Card,2090.51,failed
603,67,2024-01-19,West,Savings,1351.58,failed
604,39,2024-03-16,North,Savings,1759.8720000000003,success
605,290,2024-02-28,North,Savings,1674.32,success
606,444,2024-01-17,West,Savings,2619.14,success
607,223,2024-03-31,East,Credit Card,1608.5120000000002,success
608,277,2024-01-31,West,Loan,2120.38,success
609,426,2024-02-19,North,Credit Card,3300.84,success
610,127,2024-02-10,South,Loan,2376.67,success
611,253,2024-01-30,South,Savings,2190.58,success
612,172,2024-03-21,North,Credit Card,1544.616,success
613,433,2024-03-01,East,Credit Card,1387.85,success
614,249,2024-02-03,North,Loan,1895.49,success
615,481,2024-01-18,South,Loan,1574.74,success
616,86,2024-02-13,West,Credit Card,2834.95,success
617,404,2024-03-07,South,Savings,2197.34,success
618,18,2024-01-03,East,Loan,2598.32,success
619,253,2024-03-23,South,Loan,1356.088,success
620,7,2024-02-10,North,Credit Card,1607.55,failed
621,199,2024-03-17,West,Credit Card,1859.312,success
622,326,2024-02-18,West,Savings,1556.25,success
623,32,2024-02-19,South,Savings,1781.27,success
624,430,2024-01-14,South,Loan,2863.48,success
625,447,2024-02-28,South,Savings,1800.18,success
626,388,2024-03-27,South,Loan,1032.656,success
627,30,2024-02-25,East,Credit Card,1119.6,success
628,285,2024-01-17,North,Credit Card,1237.17,success
629,105,2024-02-10,North,Credit Card,2631.29,success
630,246,2024-01-25,West,Credit Card,1724.07,success
631,389,2024-02-16,East,Loan,3279.1,success
632,438,2024-03-15,East,Savings,2771.05,success
633,408,2024-02-16,East,Credit Card,3003.05,success
634,324,2024-03-02,East,Savings,2512.03,success
635,81,2024-01-29,East,Credit Card,2296.26,success
636,127,2024-03-30,South,Loan,1272.7200000000003,success
637,389,2024-01-15,East,Credit Card,1998.31,success
638,193,2024-03-03,West,Credit Card,2348.19,success
639,122,2024-02-01,West,Credit Card,2477.65,success
640,458,2024-03-11,South,Credit Card,1429.16,success
641,21,2024-01-22,North,Credit Card,1903.17,success
642,40,2024-02-09,West,Credit Card,1958.66,success
643,460,2024-03-29,North,Credit Card,1551.304,failed
644,430,2024-01-30,South,Savings,1487.91,success
645,382,2024-03-10,South,Savings,2927.05,success
646,449,2024-01-11,North,Savings,1886.76,success
647,410,2024-01-09,West,Loan,1520.28,success
648,154,2024-03-02,North,Savings,2942.29,success
649,301,2024-02-23,North,Loan,2771.62,success
650,440,2024-03-22,West,Savings,1656.352,success
651,495,2024-01-07,East,Credit Card,1115.78,failed
652,463,2024-01-23,North,Savings,1766.98,success
653,333,2024-03-19,West,Credit Card,962.1200000000001,success
654,322,2024-02-17,East,Credit Card,2256.8,success
655,197,2024-03-16,West,Savings,1386.92,success
656,373,2024-01-12,West,Savings,1986.24,success
657,236,2024-03-28,East,Savings,2308.904,failed
658,237,2024-03-14,West,Loan,1698.89,success
659,88,2024-02-17,East,Credit Card,2234.39,success
660,158,2024-03-18,West,Savings,1906.432,failed
661,464,2024-03-18,North,Savings,2090.776,success
662,186,2024-02-18,West,Credit Card,1949.92,success
663,87,2024-01-04,East,Credit Card,1898.16,success
664,282,2024-03-22,East,Credit Card,1509.4080000000001,success
665,220,2024-02-11,East,Savings,2183.68,success
666,346,2024-02-05,North,Savings,2746.34,success
667,454,2024-02-17,North,Savings,1864.44,success
668,188,2024-03-06,South,Loan,787.88,success
669,420,2024-01-13,North,Loan,2442.02,success
670,194,2024-01-24,North,Credit Card,2033.5,failed
671,261,2024-02-14,South,Savings,2257.97,success
672,255,2024-01-20,West,Loan,1218.73,success
673,279,2024-01-20,North,Loan,1735.47,failed
674,380,2024-03-12,West,Credit Card,2397.13,success
675,208,2024-03-03,East,Savings,1372.86,success
676,470,2024-01-26,West,Credit Card,2233.21,success
677,186,2024-03-30,West,Savings,1585.7440000000001,success
678,156,2024-03-30,South,Savings,1306.16,failed
679,411,2024-02-11,South,Credit Card,1594.87,success
680,320,2024-03-26,North,Savings,1193.672,failed
681,4,2024-03-12,East,Loan,2030.84,success
682,135,2024-01-12,East,Savings,2088.22,success
683,337,2024-01-02,West,Loan,1816.49,success
684,17,2024-02-23,South,Loan,1463.93,success
685,337,2024-01-03,West,Credit Card,539.32,failed
686,358,2024-03-13,West,Savings,2218.28,success
687,287,2024-03-22,West,Savings,1961.576,success
688,416,2024-03-07,East,Savings,2309.58,success
689,260,2024-02-13,East,Credit Card,3028.75,success
690,194,2024-02-02,North,Credit Card,1908.55,success
691,210,2024-01-17,West,Loan,2687.44,success
692,244,2024-02-03,South,Savings,1677.02,success
693,87,2024-03-27,East,Loan,1280.3200000000002,success
694,120,2024-01-26,South,Credit Card,2061.34,success
695,143,2024-01-21,East,Credit Card,2812.34,success
696,469,2024-02-10,East,Credit Card,1854.09,failed
697,426,2024-01-21,North,Credit Card,1218.4,success
698,312,2024-02-07,East,Credit Card,2441.55,success
699,293,2024-03-15,South,Loan,1961.08,success
700,237,2024-03-09,West,Loan,2149.38,success
701,268,2024-02-27,North,Loan,1624.1,success
702,199,2024-02-22,West,Loan,2056.64,success
703,446,2024-01-17,West,Loan,1280.86,success
704,292,2024-02-06,East,Loan,2936.65,success
705,337,2024-03-09,West,Credit Card,2540.02,success
706,455,2024-02-20,East,Credit Card,2033.93,success
707,84,2024-02-27,East,Loan,2426.39,success
708,76,2024-01-09,South,Loan,1678.23,success
709,498,2024-01-26,North,Credit Card,2514.98,failed
710,183,2024-02-25,North,Credit Card,1832.61,success
711,38,2024-03-09,North,Loan,1798.18,success
712,71,2024-01-23,East,Loan,1522.44,success
713,342,2024-03-06,South,Savings,2211.8,success
714,269,2024-03-30,South,Credit Card,1609.688,failed
715,164,2024-01-02,East,Loan,2706.11,success
716,274,2024-02-02,North,Loan,1468.8,success
717,420,2024-01-06,North,Loan,2214.15,success
718,182,2024-03-19,South,Credit Card,2074.952,success
719,237,2024-01-05,West,Loan,3294.78,success
720,161,2024-03-19,North,Loan,1677.7520000000002,success
721,305,2024-02-09,West,Savings,1823.42,success
722,353,2024-01-22,East,Loan,2084.23,success
723,192,2024-02-17,North,Savings,2658.8,success
724,168,2024-03-01,South,Credit Card,2658.56,success
725,94,2024-03-22,North,Savings,1552.776,success
726,20,2024-03-22,East,Credit Card,2118.8,success
727,32,2024-03-12,South,Savings,1988.57,success
728,42,2024-02-01,East,Savings,2420.31,success
729,61,2024-01-24,East,Credit Card,2273.37,success
730,139,2024-02-03,South,Savings,1804.12,success
731,26,2024-03-22,East,Credit Card,1231.0320000000002,failed
732,474,2024-01-23,East,Credit Card,2608.58,success
733,496,2024-02-06,North,Loan,2760.66,success
734,44,2024-02-12,West,Loan,2201.87,success
735,107,2024-02-16,North,Loan,1987.9,success
736,74,2024-03-13,South,Credit Card,1410.48,success
737,164,2024-02-17,East,Savings,2593.84,success
738,212,2024-03-22,South,Credit Card,1713.312,success
739,493,2024-01-20,North,Loan,1870.55,success
740,335,2024-01-05,South,Credit Card,2435.65,success
741,361,2024-03-06,West,Loan,1327.01,success
742,349,2024-03-02,North,Savings,1499.83,success
743,162,2024-03-31,North,Credit Card,1328.9040000000002,success
744,417,2024-03-26,North,Loan,1805.56,failed
745,470,2024-01-24,West,Credit Card,2089.79,success
746,82,2024-03-10,North,Loan,2317.36,success
747,250,2024-03-15,North,Savings,2554.85,failed
748,14,2024-03-20,West,Savings,1869.0320000000002,success
749,494,2024-03-21,West,Loan,2359.952,success
750,447,2024-03-30,South,Savings,2042.832,success
751,75,2024-02-23,West,Loan,1939.81,success
752,474,2024-03-08,East,Loan,1732.34,success
753,382,2024-01-09,South,Credit Card,1954.73,failed
754,217,2024-01-10,South,Credit Card,2354.73,success
755,252,2024-02-09,West,Loan,1782.26,failed
756,86,2024-02-25,West,Savings,2369.41,success
757,25,2024-03-06,South,Savings,2307.68,failed
758,243,2024-03-29,East,Loan,1225.824,failed
759,299,2024-01-27,East,Credit Card,2542.99,success
760,418,2024-03-10,North,Credit Card,2183.64,success
761,158,2024-01-15,West,Credit Card,2919.09,success
762,331,2024-02-04,East,Savings,1990.29,success
763,250,2024-01-10,North,Loan,1848.41,success
764,200,2024-01-08,West,Savings,1473.16,success
765,358,2024-01-07,West,Savings,1466.1,success
766,210,2024-02-10,West,Savings,2475.15,success
767,277,2024-01-19,West,Savings,2855.31,success
768,376,2024-03-30,North,Credit Card,1558.2240000000002,failed
769,121,2024-01-07,North,Loan,1915.59,success
770,88,2024-03-31,East,Loan,1628.0240000000001,success
771,124,2024-01-07,East,Savings,2580.94,success
772,367,2024-01-03,North,Loan,1536.32,success
773,217,2024-02-06,South,Credit Card,2119.18,failed
774,317,2024-01-10,West,Savings,2487.6,success
775,298,2024-01-01,South,Loan,2250.55,success
776,459,2024-03-30,East,Savings,518.7040000000001,success
777,79,2024-03-09,South,Savings,2338.94,success
778,19,2024-01-14,East,Loan,2255.6,success
779,349,2024-03-13,North,Savings,2686.83,success
780,74,2024-01-17,South,Savings,2806.14,success
781,229,2024-01-13,West,Loan,2657.46,success
782,58,2024-03-13,North,Loan,2037.72,success
783,423,2024-03-11,West,Credit Card,1199.02,success
784,26,2024-03-09,East,Loan,3085.47,failed
785,440,2024-01-16,West,Loan,1912.06,success
786,245,2024-01-28,South,Credit Card,2021.8,success
787,71,2024-01-22,East,Credit Card,2847.53,success
788,356,2024-03-09,East,Credit Card,1628.76,success
789,296,2024-02-03,West,Loan,1339.99,success
790,108,2024-03-23,North,Credit Card,1428.28,failed
791,383,2024-02-19,West,Loan,1653.79,success
792,277,2024-03-17,West,Credit Card,1037.472,success
793,74,2024-02-24,South,Loan,1958.45,success
794,233,2024-01-08,West,Loan,2041.22,success
795,341,2024-02-12,South,Loan,1271.22,success
796,192,2024-01-14,North,Savings,1845.4,success
797,165,2024-03-09,South,Savings,1623.92,success
798,379,2024-01-03,North,Savings,1062.41,failed
799,496,2024-01-10,North,Savings,2057.51,success
800,472,2024-01-09,North,Loan,2106.6,success
801,482,2024-02-09,East,Credit Card,1624.02,success
802,470,2024-02-25,West,Loan,2538.0,success
803,429,2024-01-14,West,Loan,2010.66,success
804,319,2024-03-18,West,Savings,1316.64,success
805,79,2024-02-06,South,Loan,1243.14,success
806,75,2024-02-12,West,Loan,2133.56,success
807,466,2024-01-30,South,Savings,2254.36,success
808,437,2024-02-09,North,Savings,1758.47,success
809,70,2024-01-07,South,Credit Card,2073.4,success
810,296,2024-01-01,West,Credit Card,2806.11,success
811,398,2024-03-07,East,Savings,2448.42,success
812,441,2024-02-14,East,Credit Card,924.09,success
813,468,2024-03-27,West,Credit Card,1312.3360000000002,success
814,148,2024-02-10,West,Savings,1934.37,success
815,210,2024-01-26,West,Loan,2038.43,success
816,436,2024-01-29,East,Savings,2084.33,success
817,408,2024-02-11,East,Savings,2220.97,success
818,336,2024-01-14,East,Savings,1950.71,success
819,226,2024-01-07,West,Savings,2009.42,failed
820,142,2024-02-12,West,Credit Card,2476.57,success
821,452,2024-03-24,West,Credit Card,1714.848,success
822,21,2024-02-06,North,Savings,1428.14,success
823,207,2024-01-18,West,Savings,2054.28,success
824,455,2024-01-20,East,Savings,1935.73,success
825,195,2024-03-31,North,Credit Card,847.264,success
826,82,2024-03-05,North,Savings,2079.93,success
827,47,2024-02-06,South,Credit Card,1486.16,success
828,157,2024-03-25,North,Savings,1987.784,success
829,382,2024-03-18,South,Credit Card,1770.88,success
830,340,2024-03-22,North,Savings,1122.544,success
831,234,2024-01-30,West,Credit Card,2459.58,success
832,232,2024-03-20,East,Loan,2156.984,success
833,306,2024-03-08,North,Savings,1874.98,success
834,178,2024-02-02,West,Credit Card,1932.85,success
835,398,2024-01-16,East,Savings,2405.4,success
836,222,2024-01-21,East,Savings,2652.17,success
837,156,2024-02-22,South,Credit Card,1168.75,success
838,123,2024-01-13,East,Loan,1454.52,success
839,384,2024-03-24,North,Loan,1435.672,success
840,407,2024-02-14,South,Credit Card,1845.98,success
841,301,2024-02-26,North,Savings,2389.83,success
842,100,2024-01-15,East,Loan,2655.15,success
843,294,2024-01-03,South,Credit Card,2697.84,success
844,210,2024-01-01,West,Savings,1158.28,success
845,72,2024-03-27,East,Savings,1277.6480000000001,success
846,321,2024-02-07,West,Savings,1382.83,failed
847,4,2024-03-21,East,Credit Card,1363.016,success
848,334,2024-02-18,East,Loan,1595.2,success
849,468,2024-03-02,West,Credit Card,2212.03,success
850,363,2024-02-10,West,Loan,2273.14,success
851,341,2024-01-12,South,Credit Card,2003.21,success
852,384,2024-03-14,North,Loan,1955.82,success
853,385,2024-02-21,East,Credit Card,1814.99,success
854,278,2024-01-12,North,Credit Card,1870.6,success
855,9,2024-02-26,West,Loan,2799.32,failed
856,213,2024-03-13,South,Loan,2348.48,success
857,434,2024-02-22,East,Loan,1833.09,success
858,4,2024-03-01,East,Credit Card,1946.35,success
859,408,2024-03-23,East,Loan,1779.0880000000002,success
860,16,2024-03-09,West,Savings,1403.04,success
861,7,2024-02-20,North,Savings,2071.47,success
862,111,2024-03-15,South,Loan,2319.03,success
863,108,2024-01-26,North,Loan,2250.42,success
864,263,2024-02-15,North,Credit Card,1606.11,success
865,441,2024-03-24,East,Credit Card,1351.664,success
866,422,2024-02-15,North,Loan,1010.35,success
867,444,2024-02-25,West,Loan,2373.96,success
868,299,2024-03-06,East,Credit Card,3037.04,success
869,438,2024-01-14,East,Savings,1540.31,success
870,253,2024-01-22,South,Loan,2550.48,success
871,488,2024-03-08,West,Savings,2979.17,success
872,393,2024-03-05,East,Credit Card,1767.34,success
873,356,2024-01-02,East,Credit Card,1947.03,success
874,473,2024-03-29,West,Credit Card,1701.496,success
875,320,2024-03-25,North,Loan,1787.08,failed
876,25,2024-01-06,South,Loan,2154.03,success
877,335,2024-02-15,South,Savings,1804.18,success
878,282,2024-03-22,East,Savings,1848.632,failed
879,447,2024-03-10,South,Savings,1815.19,success
880,145,2024-03-15,South,Loan,2188.55,success
881,396,2024-03-24,East,Credit Card,1588.296,failed
882,346,2024-02-11,North,Savings,1113.48,success
883,289,2024-03-25,East,Credit Card,2104.768,success
884,243,2024-02-06,East,Loan,1702.17,success
885,283,2024-03-25,South,Credit Card,2149.776,success
886,221,2024-02-19,South,Loan,2528.03,failed
887,234,2024-01-21,West,Loan,2111.62,success
888,286,2024-02-06,East,Loan,2260.56,success
889,146,2024-03-14,South,Loan,2322.61,failed
890,84,2024-03-08,East,Loan,1901.33,success
891,243,2024-03-24,East,Savings,1539.488,success
892,90,2024-02-13,East,Savings,2296.78,success
893,155,2024-03-04,West,Loan,529.81,failed
894,247,2024-03-10,East,Savings,1990.65,success
895,35,2024-01-04,South,Credit Card,1805.74,success
896,457,2024-03-27,North,Savings,1290.848,success
897,302,2024-02-19,South,Loan,2203.53,success
898,111,2024-01-15,South,Savings,1686.64,success
899,453,2024-02-14,North,Savings,2431.2,failed
900,170,2024-01-16,East,Loan,2476.56,success
901,363,2024-03-10,West,Savings,2256.54,success
902,295,2024-01-16,East,Loan,2362.55,success
903,150,2024-02-25,West,Savings,2258.09,success
904,29,2024-01-22,North,Savings,2400.2,success
905,243,2024-01-22,East,Savings,2377.15,success
906,262,2024-03-08,West,Credit Card,2175.72,success
907,19,2024-02-13,East,Loan,2535.08,success
908,379,2024-03-13,North,Loan,1918.47,success
909,45,2024-02-02,West,Loan,1627.55,success
910,387,2024-03-15,South,Credit Card,1603.79,success
911,394,2024-03-17,North,Loan,1476.816,failed
912,320,2024-01-02,North,Savings,1053.19,success
913,400,2024-01-11,East,Savings,2106.65,success
914,368,2024-01-20,West,Credit Card,2329.62,success
915,320,2024-01-02,North,Loan,2468.79,success
916,205,2024-02-24,South,Credit Card,1196.22,success
917,119,2024-01-30,South,Savings,1618.64,success
918,100,2024-03-22,East,Savings,1931.792,success
919,130,2024-02-23,West,Savings,1903.09,success
920,322,2024-01-16,East,Savings,2317.71,failed
921,368,2024-02-14,West,Savings,1380.37,success
922,468,2024-03-26,West,Savings,2144.264,success
923,1,2024-02-28,North,Savings,1345.59,success
924,173,2024-02-21,East,Loan,490.24,success
925,386,2024-01-08,West,Credit Card,2091.92,success
926,51,2024-01-05,West,Savings,2104.83,success
927,88,2024-01-19,East,Credit Card,1754.18,success
928,481,2024-01-09,South,Loan,2238.18,success
929,457,2024-03-11,North,Loan,2252.74,success
930,178,2024-03-14,West,Credit Card,2196.21,success
931,287,2024-02-17,West,Loan,1745.52,success
932,219,2024-03-21,North,Loan,1322.112,success
933,227,2024-03-31,West,Credit Card,1436.288,success
934,172,2024-03-04,North,Loan,1588.79,success
935,375,2024-01-02,North,Credit Card,2560.52,success
936,275,2024-01-04,North,Credit Card,1836.05,success
937,145,2024-03-18,South,Credit Card,1662.08,success
938,486,2024-02-21,South,Savings,2412.55,success
939,230,2024-02-17,North,Loan,1566.43,success
940,2,2024-02-24,South,Savings,1327.06,success
941,126,2024-01-07,North,Loan,1590.37,success
942,343,2024-02-15,South,Loan,2131.28,success
943,30,2024-01-30,East,Savings,2096.79,failed
944,275,2024-03-28,North,Loan,1756.1840000000002,success
945,114,2024-02-26,South,Loan,1948.39,success
946,141,2024-02-02,South,Credit Card,780.59,success
947,349,2024-01-16,North,Credit Card,1932.86,success
948,253,2024-01-24,South,Loan,2482.7,failed
949,148,2024-01-30,West,Credit Card,2618.07,success
950,201,2024-02-04,West,Credit Card,2044.33,success
951,40,2024-01-09,West,Credit Card,2098.66,success
952,162,2024-03-14,North,Savings,2307.89,success
953,196,2024-03-26,North,Credit Card,2081.552,success
954,465,2024-03-23,South,Credit Card,1600.208,success
955,400,2024-03-13,East,Savings,2300.6,success
956,350,2024-03-19,East,Savings,1379.784,success
957,161,2024-01-09,North,Savings,1389.64,success
958,250,2024-03-04,North,Credit Card,1773.38,success
959,289,2024-01-05,East,Loan,2726.23,success
960,402,2024-02-28,East,Credit Card,2311.1,success
961,438,2024-02-22,East,Credit Card,1430.58,success
962,443,2024-03-19,South,Loan,1868.192,success
963,86,2024-03-07,West,Credit Card,1464.07,success
964,163,2024-02-01,East,Savings,2188.2,success
965,296,2024-01-29,West,Savings,1548.97,success
966,128,2024-01-09,East,Loan,1405.29,success
967,71,2024-03-12,East,Loan,2821.34,success
968,21,2024-01-20,North,Credit Card,1835.69,success
969,431,2024-02-03,North,Credit Card,2301.59,success
970,23,2024-02-25,North,Savings,2020.46,success
971,400,2024-03-23,East,Savings,1199.1280000000002,failed
972,15,2024-01-28,South,Savings,1885.7,success
973,105,2024-01-17,North,Loan,1502.83,success
974,122,2024-03-14,West,Savings,3206.31,success
975,410,2024-03-07,West,Credit Card,2392.3,success
976,407,2024-03-29,South,Loan,1608.9840000000002,success
977,49,2024-01-27,North,Loan,2273.56,success
978,240,2024-01-04,West,Savings,2357.69,success
979,331,2024-01-06,East,Loan,2359.09,failed
980,129,2024-03-23,North,Credit Card,1869.144,success
981,131,2024-01-07,East,Credit Card,2295.91,success
982,233,2024-02-25,West,Credit Card,2050.93,success
983,356,2024-01-08,East,Loan,2774.51,success
984,239,2024-03-20,North,Loan,1665.9040000000002,success
985,157,2024-03-18,North,Credit Card,1620.352,success
986,368,2024-01-06,West,Loan,2086.67,success
987,179,2024-01-29,East,Savings,2121.98,success
988,12,2024-01-18,East,Credit Card,1199.55,success
989,433,2024-01-25,East,Loan,1585.75,success
990,227,2024-03-31,West,Savings,1558.696,failed
991,105,2024-03-30,North,Loan,942.7280000000001,success
992,356,2024-01-26,East,Credit Card,2010.44,failed
993,423,2024-02-24,West,Credit Card,2115.35,success
994,380,2024-03-27,West,Savings,1095.9360000000001,success
995,480,2024-03-19,West,Loan,1353.4560000000001,success
996,475,2024-03-29,North,Savings,2112.6560000000004,success
997,123,2024-01-11,East,Loan,2278.85,success
998,486,2024-01-19,South,Loan,2249.11,success
999,471,2024-01-20,East,Loan,2570.07,success
1000,185,2024-01-29,West,Loan,1594.57,failed
1001,351,2024-01-03,East,Credit Card,1371.21,success
1002,377,2024-03-20,South,Credit Card,1994.9360000000001,success
1003,157,2024-01-25,North,Savings,1962.02,success
1004,461,2024-01-10,East,Loan,1582.43,success
1005,272,2024-01-28,North,Savings,3044.77,failed
1006,40,2024-01-27,West,Loan,1196.17,success
1007,410,2024-01-24,West,Savings,2092.37,success
1008,323,2024-01-14,East,Savings,1904.98,success
1009,289,2024-02-06,East,Loan,1821.28,success
1010,108,2024-01-13,North,Loan,894.07,success
1011,436,2024-03-11,East,Savings,2766.72,success
1012,453,2024-02-26,North,Loan,1288.02,success
1013,372,2024-02-21,East,Savings,1866.67,success
1014,465,2024-03-17,South,Savings,1428.304,failed
1015,124,2024-01-18,East,Credit Card,2294.28,success
1016,288,2024-02-15,North,Loan,1200.94,success
1017,369,2024-03-12,East,Credit Card,2231.09,success
1018,36,2024-02-02,East,Loan,2094.85,failed
1019,21,2024-03-06,North,Credit Card,1669.01,success
1020,96,2024-01-21,North,Credit Card,2212.94,success
1021,108,2024-01-02,North,Credit Card,2009.57,success
1022,441,2024-01-22,East,Savings,2902.17,success
1023,234,2024-01-24,West,Loan,1904.55,success
1024,233,2024-03-07,West,Credit Card,1521.78,success
1025,448,2024-01-05,South,Credit Card,2236.2,success
1026,111,2024-03-16,South,Credit Card,1474.776,success
1027,439,2024-01-02,South,Loan,1999.65,success
1028,350,2024-02-12,East,Savings,1374.8,success
1029,475,2024-01-11,North,Credit Card,2302.26,success
1030,194,2024-02-26,North,Credit Card,1764.98,success
1031,99,2024-01-25,West,Credit Card,2132.94,success
1032,329,2024-01-16,North,Credit Card,3049.86,success
1033,394,2024-03-16,North,Credit Card,1501.192,success
1034,3,2024-01-18,East,Loan,2372.1,failed
1035,362,2024-02-26,North,Savings,1909.39,success
1036,13,2024-01-14,South,Credit Card,1675.31,success
1037,249,2024-03-22,North,Credit Card,2128.52,failed
1038,312,2024-01-21,East,Savings,1066.73,success
1039,414,2024-03-02,West,Loan,2503.76,success
1040,482,2024-01-04,East,Savings,1014.95,success
1041,129,2024-02-24,North,Savings,2446.3,success
1042,12,2024-03-31,East,Loan,1605.7120000000002,success
1043,423,2024-03-09,West,Savings,1523.03,success
1044,213,2024-03-03,South,Credit Card,1796.48,failed
1045,450,2024-01-06,West,Loan,2343.16,success
1046,484,2024-02-26,North,Savings,2988.22,success
1047,137,2024-02-14,East,Savings,1217.88,success
1048,212,2024-02-18,South,Loan,1550.61,success
1049,442,2024-01-05,West,Loan,1334.84,failed
1050,406,2024-01-23,East,Credit Card,1905.44,success
1051,86,2024-01-04,West,Loan,2460.83,success
1052,241,2024-03-20,North,Loan,1019.5280000000001,success
1053,65,2024-03-28,South,Loan,1595.1680000000001,success
1054,216,2024-03-06,East,Credit Card,2443.44,success
1055,405,2024-03-24,South,Loan,1431.696,success
1056,150,2024-02-29,West,Savings,697.89,success
1057,449,2024-03-14,North,Credit Card,2099.47,success
1058,31,2024-03-28,West,Savings,2094.312,failed
1059,388,2024-02-25,South,Credit Card,1464.47,success
1060,21,2024-01-20,North,Loan,1110.71,success
1061,269,2024-02-15,South,Credit Card,2159.83,success
1062,411,2024-01-12,South,Savings,2173.84,success
1063,176,2024-03-11,South,Credit Card,1756.39,success
1064,152,2024-03-26,West,Loan,1329.7200000000003,failed
1065,272,2024-01-11,North,Savings,2017.08,success
1066,310,2024-01-24,North,Loan,1456.38,success
1067,12,2024-02-25,East,Loan,1457.09,success
1068,287,2024-03-03,West,Savings,2339.69,success
1069,233,2024-01-13,West,Credit Card,1425.6,success
1070,334,2024-03-23,East,Savings,909.68,success
1071,98,2024-02-13,West,Savings,1661.22,success
1072,339,2024-02-08,South,Credit Card,1767.8,success
1073,389,2024-03-19,East,Loan,1784.8240000000003,failed
1074,129,2024-03-22,North,Credit Card,1360.9920000000002,success
1075,112,2024-03-27,North,Loan,2168.944,success
1076,46,2024-02-13,West,Credit Card,2042.66,success
1077,290,2024-01-17,North,Credit Card,1595.87,success
1078,47,2024-01-29,South,Credit Card,2209.2,failed
1079,3,2024-03-24,East,Credit Card,2160.6400000000003,success
1080,10,2024-01-09,North,Savings,2325.23,success
1081,32,2024-02-23,South,Loan,1248.46,success
1082,313,2024-01-01,East,Credit Card,1808.01,success
1083,332,2024-02-13,South,Savings,2125.1,success
1084,426,2024-03-26,North,Loan,1842.688,failed
1085,320,2024-01-31,North,Credit Card,1908.4,success
1086,305,2024-02-06,West,Savings,1839.67,failed
1087,258,2024-02-08,South,Loan,2897.61,success
1088,20,2024-03-06,East,Credit Card,2332.96,success
1089,58,2024-01-10,North,Savings,2210.79,success
1090,381,2024-03-22,West,Loan,1376.68,success
1091,125,2024-03-23,East,Savings,1159.9360000000001,failed
1092,335,2024-03-29,South,Loan,1775.8000000000002,failed
1093,53,2024-03-26,West,Savings,1911.576,success
1094,172,2024-03-29,North,Savings,1597.7600000000002,success
1095,165,2024-01-23,South,Savings,2334.37,success
1096,390,2024-02-27,East,Loan,2347.77,success
1097,139,2024-02-14,South,Savings,2424.55,success
1098,107,2024-02-24,North,Credit Card,1241.06,success
1099,233,2024-01-02,West,Savings,1821.49,success
1100,115,2024-01-16,West,Credit Card,2250.33,success
1101,381,2024-02-07,West,Loan,2024.89,success
1102,381,2024-01-24,West,Credit Card,2349.41,success
1103,155,2024-01-17,West,Savings,2210.49,success
1104,157,2024-03-19,North,Savings,738.6640000000001,success
1105,427,2024-02-10,South,Savings,2548.58,success
1106,59,2024-02-08,West,Loan,1760.58,success
1107,421,2024-01-12,East,Loan,1568.61,success
1108,398,2024-01-16,East,Savings,2529.97,success
1109,223,2024-01-14,East,Savings,2308.5,success
1110,230,2024-01-31,North,Credit Card,2605.97,failed
1111,84,2024-01-23,East,Loan,2130.63,success
1112,332,2024-02-21,South,Loan,1815.36,success
1113,317,2024-02-14,West,Savings,2071.69,success
1114,55,2024-02-17,East,Savings,1485.31,success
1115,21,2024-03-28,North,Savings,1058.928,success
1116,67,2024-01-11,West,Credit Card,1685.37,success
1117,12,2024-02-29,East,Credit Card,2766.86,success
1118,457,2024-01-11,North,Savings,1732.1,success
1119,288,2024-01-03,North,Loan,1146.32,success
1120,198,2024-01-20,North,Credit Card,1922.05,failed
1121,63,2024-02-17,West,Savings,1725.86,success
1122,49,2024-02-22,North,Savings,2558.7,success
1123,324,2024-01-31,East,Credit Card,2724.25,success
1124,354,2024-01-29,South,Savings,1793.27,success
1125,341,2024-03-05,South,Savings,2130.14,success
1126,292,2024-02-22,East,Loan,2171.89,success
1127,46,2024-01-25,West,Savings,1975.67,success
1128,179,2024-01-15,East,Savings,1884.8,success
1129,247,2024-02-19,East,Credit Card,1537.88,success
1130,264,2024-02-14,West,Savings,1076.91,success
1131,193,2024-01-04,West,Savings,1535.24,success
1132,186,2024-01-25,West,Loan,1958.28,success
1133,435,2024-03-26,West,Credit Card,1020.1440000000001,success
1134,171,2024-01-26,East,Savings,2103.63,success
1135,446,2024-03-30,West,Savings,1627.736,success
1136,408,2024-03-31,East,Credit Card,1381.3280000000002,success
1137,437,2024-01-20,North,Credit Card,1864.17,success
1138,291,2024-01-10,East,Credit Card,1350.21,success
1139,351,2024-03-09,East,Savings,2414.87,failed
1140,268,2024-01-28,North,Loan,2405.7,success
1141,281,2024-02-21,East,Loan,1425.87,success
1142,462,2024-03-06,North,Credit Card,1438.73,success
1143,382,2024-01-27,South,Credit Card,1541.25,success
1144,408,2024-03-28,East,Loan,1820.5919999999999,success
1145,484,2024-01-07,North,Savings,2170.29,success
1146,223,2024-02-22,East,Credit Card,2523.66,success
1147,134,2024-03-22,South,Credit Card,2067.832,success
1148,69,2024-01-16,North,Loan,1234.45,success
1149,464,2024-03-12,North,Credit Card,2257.13,failed
1150,337,2024-03-21,West,Savings,2049.744,success
1151,449,2024-02-05,North,Savings,1832.96,success
1152,240,2024-03-04,West,Savings,1988.22,success
1153,201,2024-02-11,West,Loan,1912.82,success
1154,146,2024-01-05,South,Savings,1934.26,success
1155,361,2024-03-06,West,Loan,2413.02,success
1156,316,2024-02-12,West,Loan,2874.79,success
1157,268,2024-02-26,North,Savings,2690.73,success
1158,252,2024-02-14,West,Loan,1748.51,success
1159,55,2024-03-17,East,Credit Card,1705.3919999999998,success
1160,333,2024-03-06,West,Savings,1608.12,success
1161,470,2024-01-19,West,Savings,1654.73,success
1162,436,2024-02-01,East,Loan,1966.41,success
1163,163,2024-03-02,East,Credit Card,1642.12,success
1164,374,2024-01-06,North,Loan,1709.97,failed
1165,295,2024-01-28,East,Savings,2119.7,success
1166,229,2024-02-07,West,Loan,2249.84,failed
1167,347,2024-01-02,West,Credit Card,2236.0,success
1168,430,2024-01-07,South,Savings,2241.12,success
1169,222,2024-01-04,East,Savings,1381.17,success
1170,168,2024-02-29,South,Savings,1618.36,success
1171,221,2024-02-29,South,Savings,2018.97,failed
1172,334,2024-01-11,East,Credit Card,2536.49,success
1173,205,2024-02-07,South,Savings,3181.94,success
1174,238,2024-02-06,North,Loan,2151.91,success
1175,284,2024-02-20,West,Savings,2360.78,success
1176,91,2024-02-29,North,Credit Card,1330.7,success
1177,487,2024-02-28,North,Credit Card,2346.46,success
1178,448,2024-02-07,South,Savings,2996.26,failed
1179,219,2024-01-24,North,Loan,1616.67,success
1180,439,2024-03-24,South,Credit Card,1380.1760000000002,success
1181,103,2024-02-12,West,Credit Card,2429.79,success
1182,358,2024-01-05,West,Savings,2012.69,success
1183,336,2024-03-07,East,Loan,1040.16,success
1184,466,2024-02-16,South,Loan,1753.44,success
1185,114,2024-03-13,South,Savings,2721.82,success
1186,213,2024-02-25,South,Savings,1860.52,success
1187,363,2024-01-22,West,Savings,1860.12,success
1188,296,2024-03-27,West,Savings,1916.152,failed
1189,218,2024-02-06,West,Savings,2170.03,success
1190,327,2024-02-12,North,Credit Card,1834.35,success
1191,143,2024-01-10,East,Savings,1693.88,success
1192,329,2024-02-07,North,Loan,3474.55,success
1193,304,2024-03-30,East,Loan,2097.8720000000003,success
1194,328,2024-02-15,North,Credit Card,2240.93,success
1195,238,2024-01-18,North,Savings,2273.63,failed
1196,37,2024-02-04,West,Savings,1937.27,success
1197,32,2024-02-10,South,Loan,2163.94,success
1198,206,2024-03-01,East,Savings,1885.1,success
1199,293,2024-02-24,South,Credit Card,1574.3,success
1200,28,2024-01-22,North,Savings,2183.74,success
1201,170,2024-02-01,East,Savings,1843.24,success
1202,226,2024-01-20,West,Loan,2210.05,success
1203,154,2024-03-30,North,Credit Card,1842.744,success
1204,114,2024-02-15,South,Loan,2236.82,success
1205,108,2024-02-12,North,Credit Card,1536.81,success
1206,301,2024-03-08,North,Credit Card,1791.32,success
1207,118,2024-03-13,West,Loan,1852.46,success
1208,336,2024-01-10,East,Credit Card,2487.91,success
1209,122,2024-03-23,West,Loan,1967.384,success
1210,47,2024-01-26,South,Loan,1645.21,success
1211,234,2024-03-13,West,Savings,1370.75,success
1212,450,2024-01-25,West,Savings,3213.36,success
1213,172,2024-03-21,North,Credit Card,1773.1840000000002,success
1214,31,2024-02-01,West,Savings,1311.19,success
1215,304,2024-02-25,East,Savings,1717.61,failed
1216,299,2024-02-29,East,Loan,2510.69,success
1217,185,2024-02-01,West,Loan,3044.22,success
1218,204,2024-03-17,North,Credit Card,2348.384,success
1219,420,2024-03-07,North,Loan,2194.81,success
1220,331,2024-03-25,East,Loan,545.7040000000001,failed
1221,18,2024-02-09,East,Credit Card,2001.69,success
1222,197,2024-01-14,West,Savings,1493.05,success
1223,268,2024-02-01,North,Credit Card,2042.84,success
1224,104,2024-03-28,North,Credit Card,1241.864,success
1225,412,2024-03-22,West,Loan,1436.7600000000002,success
1226,111,2024-02-06,South,Loan,2429.23,success
1227,108,2024-03-04,North,Loan,1882.69,success
1228,126,2024-01-11,North,Credit Card,1850.16,success
1229,161,2024-03-04,North,Savings,1974.9,success
1230,320,2024-03-26,North,Savings,2648.32,success
1231,177,2024-02-10,South,Loan,1444.02,success
1232,106,2024-02-09,South,Credit Card,2140.32,success
1233,387,2024-01-13,South,Savings,2879.31,success
1234,360,2024-01-14,South,Savings,1973.44,success
1235,30,2024-02-09,East,Loan,2611.78,success
1236,75,2024-02-25,West,Loan,1340.38,success
1237,40,2024-01-12,West,Savings,1898.51,success
1238,100,2024-02-06,East,Loan,1599.98,success
1239,293,2024-01-24,South,Loan,1968.24,success
1240,110,2024-01-29,East,Credit Card,1978.59,success
1241,366,2024-01-01,West,Loan,2029.01,success
1242,227,2024-01-29,West,Loan,2424.22,failed
1243,270,2024-02-13,North,Credit Card,876.56,success
1244,276,2024-02-14,East,Loan,1696.65,success
1245,471,2024-03-08,East,Loan,2105.64,success
1246,247,2024-03-23,East,Credit Card,849.3760000000001,success
1247,281,2024-03-08,East,Loan,2309.86,success
1248,243,2024-01-29,East,Credit Card,1687.83,success
1249,475,2024-03-20,North,Savings,1526.192,success
1250,463,2024-03-17,North,Loan,1958.8240000000003,success
1251,138,2024-01-03,South,Loan,2637.44,success
1252,290,2024-02-03,North,Savings,2325.76,success
1253,192,2024-01-09,North,Credit Card,1431.16,success
1254,462,2024-03-06,North,Credit Card,2299.4,success
1255,248,2024-03-16,North,Savings,1867.3360000000002,success
1256,387,2024-03-31,South,Credit Card,1782.912,failed
1257,32,2024-03-15,South,Credit Card,2727.91,success
1258,142,2024-01-19,West,Loan,2041.91,success
1259,108,2024-02-23,North,Loan,2705.23,success
1260,204,2024-03-04,North,Loan,2701.68,success
1261,448,2024-02-02,South,Loan,2348.95,success
1262,9,2024-01-18,West,Loan,2148.29,failed
1263,67,2024-01-29,West,Credit Card,2231.59,success
1264,390,2024-02-15,East,Credit Card,2849.98,success
1265,151,2024-03-19,North,Savings,2028.616,success
1266,391,2024-03-01,North,Savings,1483.74,success
1267,334,2024-03-04,East,Loan,2198.96,success
1268,197,2024-02-09,West,Loan,1576.18,success
1269,121,2024-02-25,North,Savings,1673.96,success
1270,436,2024-01-08,East,Loan,1814.75,failed
1271,293,2024-03-31,South,Credit Card,1037.776,success
1272,420,2024-03-10,North,Credit Card,1546.12,success
1273,341,2024-02-25,South,Loan,2759.64,success
1274,203,2024-02-15,West,Credit Card,1671.08,success
1275,86,2024-03-18,West,Loan,1941.8080000000002,success
1276,120,2024-03-29,South,Savings,1668.736,success
1277,105,2024-03-07,North,Credit Card,2276.63,success
1278,109,2024-03-16,North,Loan,1838.8880000000001,success
1279,31,2024-03-02,West,Credit Card,1525.83,success
1280,336,2024-01-12,East,Savings,2424.09,success
1281,243,2024-02-20,East,Credit Card,1383.74,success
1282,107,2024-02-17,North,Loan,1651.61,success
1283,448,2024-02-12,South,Credit Card,2291.01,success
1284,341,2024-03-22,South,Savings,1196.576,success
1285,176,2024-03-26,South,Credit Card,814.9520000000001,success
1286,205,2024-01-08,South,Loan,2174.83,success
1287,265,2024-03-01,North,Loan,1217.6,success
1288,64,2024-03-23,West,Savings,1871.6560000000002,failed
1289,360,2024-01-15,South,Savings,1848.98,success
1290,167,2024-02-28,West,Savings,2167.53,success
1291,59,2024-02-09,West,Savings,2158.08,success
1292,274,2024-02-13,North,Credit Card,2378.39,success
1293,23,2024-02-28,North,Credit Card,2306.23,failed
1294,167,2024-02-11,West,Savings,1491.66,success
1295,264,2024-02-19,West,Savings,1877.96,success
1296,309,2024-02-29,West,Loan,2166.93,success
1297,101,2024-01-07,South,Credit Card,2715.68,success
1298,42,2024-01-05,East,Loan,2311.03,success
1299,304,2024-02-25,East,Savings,2664.47,success
1300,261,2024-03-06,South,Savings,2193.4,success
1301,131,2024-03-10,East,Loan,2545.49,success
1302,38,2024-02-07,North,Loan,2124.65,success
1303,391,2024-01-08,North,Loan,2522.54,failed
1304,188,2024-02-29,South,Credit Card,1824.29,success
1305,4,2024-03-21,East,Savings,2225.368,success
1306,286,2024-01-27,East,Savings,2249.93,failed
1307,261,2024-02-24,South,Credit Card,1300.35,failed
1308,490,2024-01-17,South,Credit Card,2183.82,success
1309,147,2024-02-17,East,Credit Card,949.99,failed
1310,99,2024-02-27,West,Credit Card,2312.75,success
1311,86,2024-01-26,West,Credit Card,2442.62,success
1312,11,2024-01-29,West,Credit Card,2977.08,success
1313,131,2024-01-23,East,Credit Card,1747.13,success
1314,325,2024-03-20,West,Loan,2385.032,success
1315,231,2024-03-14,West,Savings,2001.85,success
1316,91,2024-01-17,North,Savings,1628.76,success
1317,69,2024-02-25,North,Loan,1757.35,success
1318,259,2024-01-21,North,Loan,2281.44,success
1319,374,2024-03-07,North,Savings,1560.09,success
1320,258,2024-03-20,South,Credit Card,1465.9440000000002,success
1321,72,2024-03-07,East,Credit Card,2171.17,success
1322,326,2024-02-22,West,Credit Card,2777.08,success
1323,482,2024-02-21,East,Loan,2426.99,success
1324,166,2024-03-07,East,Loan,2021.76,success
1325,210,2024-03-21,West,Loan,1823.2560000000003,success
1326,257,2024-03-11,West,Credit Card,2120.66,success
1327,140,2024-03-11,South,Savings,1424.49,failed
1328,32,2024-03-04,South,Loan,2877.74,success
1329,373,2024-01-15,West,Credit Card,2786.51,success
1330,464,2024-01-22,North,Savings,1963.03,success
1331,59,2024-03-01,West,Credit Card,1774.17,success
1332,108,2024-02-18,North,Credit Card,1434.69,success
1333,167,2024-01-01,West,Savings,2311.36,success
1334,400,2024-01-02,East,Loan,2314.76,success
1335,217,2024-03-09,South,Loan,1597.84,success
1336,390,2024-01-18,East,Loan,2126.58,failed
1337,354,2024-03-10,South,Savings,2410.17,success
1338,414,2024-03-20,West,Loan,1393.432,failed
1339,251,2024-03-01,East,Savings,1901.77,success
1340,50,2024-01-17,East,Savings,1897.07,success
1341,199,2024-02-04,West,Loan,1626.71,success
1342,123,2024-01-06,East,Savings,1911.61,success
1343,103,2024-02-16,West,Credit Card,1225.69,success
1344,80,2024-01-23,West,Savings,1871.91,failed
1345,318,2024-02-14,East,Credit Card,1879.25,success
1346,468,2024-03-06,West,Credit Card,1969.12,success
1347,387,2024-03-12,South,Savings,2239.72,success
1348,56,2024-03-10,East,Loan,1398.4,success
1349,122,2024-03-11,West,Credit Card,1478.98,success
1350,365,2024-01-27,East,Loan,1615.0,success
1351,58,2024-01-16,North,Loan,1351.94,success
1352,333,2024-02-02,West,Loan,2297.51,success
1353,321,2024-03-25,West,Credit Card,1377.0320000000002,success
1354,181,2024-02-09,North,Credit Card,1984.28,success
1355,159,2024-02-01,West,Loan,1575.79,success
1356,67,2024-01-12,West,Credit Card,1820.19,success
1357,158,2024-03-26,West,Loan,1720.4400000000003,success
1358,37,2024-03-14,West,Credit Card,2174.9,success
1359,454,2024-02-18,North,Savings,1497.97,success
1360,360,2024-02-11,South,Loan,1959.7,success
1361,209,2024-02-20,East,Savings,1583.47,success
1362,409,2024-02-03,South,Credit Card,1941.62,success
1363,358,2024-03-30,West,Savings,1345.776,failed
1364,180,2024-02-18,West,Loan,2916.28,success
1365,253,2024-01-19,South,Loan,2407.08,success
1366,413,2024-03-27,North,Loan,1757.5200000000002,failed
1367,215,2024-03-21,East,Loan,828.9280000000001,failed
1368,198,2024-03-31,North,Savings,1488.448,success
1369,405,2024-01-11,South,Loan,2422.58,success
1370,209,2024-01-13,East,Credit Card,1973.8,success
1371,401,2024-02-11,East,Credit Card,2852.05,success
1372,224,2024-02-12,East,Savings,2475.72,success
1373,450,2024-01-16,West,Credit Card,1816.75,success
1374,353,2024-01-29,East,Loan,2781.44,success
1375,122,2024-01-20,West,Loan,1863.0,success
1376,254,2024-02-26,South,Credit Card,2952.07,success
1377,483,2024-03-30,North,Loan,2250.384,success
1378,315,2024-01-02,East,Loan,2147.81,success
1379,355,2024-01-22,South,Loan,1241.68,success
1380,75,2024-01-28,West,Loan,2108.39,success
1381,301,2024-03-01,North,Savings,1451.35,success
1382,199,2024-01-18,West,Loan,1696.06,success
1383,238,2024-02-28,North,Loan,1730.44,success
1384,289,2024-01-19,East,Credit Card,1447.57,success
1385,184,2024-01-01,West,Credit Card,2110.27,success
1386,357,2024-03-30,South,Credit Card,1312.832,success
1387,310,2024-02-15,North,Savings,1884.74,success
1388,209,2024-02-20,East,Loan,1734.39,success
1389,50,2024-03-04,East,Credit Card,2241.94,success
1390,33,2024-02-21,South,Loan,2204.3,success
1391,234,2024-02-09,West,Savings,1846.1,success
1392,494,2024-01-25,West,Credit Card,2267.41,success
1393,291,2024-02-13,East,Credit Card,2614.49,success
1394,37,2024-02-12,West,Savings,956.49,success
1395,159,2024-02-22,West,Credit Card,1707.69,success
1396,471,2024-01-17,East,Loan,1531.75,success
1397,175,2024-01-07,East,Credit Card,1666.11,failed
1398,272,2024-03-03,North,Credit Card,880.88,success
1399,41,2024-03-11,East,Credit Card,939.65,success
1400,127,2024-03-02,South,Loan,626.25,success
1401,19,2024-01-27,East,Savings,1750.13,failed
1402,346,2024-02-16,North,Savings,1736.88,success
1403,6,2024-03-06,South,Savings,2694.17,success
1404,130,2024-01-10,West,Loan,2070.63,success
1405,492,2024-02-22,West,Savings,934.72,failed
1406,306,2024-02-18,North,Loan,2254.13,success
1407,275,2024-03-31,North,Loan,3170.496,success
1408,332,2024-03-19,South,Credit Card,766.3520000000001,success
1409,431,2024-03-20,North,Credit Card,2289.88,success
1410,430,2024-03-31,South,Savings,1581.7920000000001,success
1411,217,2024-02-02,South,Savings,1787.88,success
1412,292,2024-03-02,East,Loan,1715.08,success
1413,378,2024-02-15,North,Savings,2164.75,success
1414,293,2024-03-05,South,Loan,1791.9,success
1415,57,2024-03-15,West,Loan,1434.97,success
1416,302,2024-03-13,South,Loan,1732.33,success
1417,41,2024-03-08,East,Credit Card,2179.23,success
1418,413,2024-01-25,North,Loan,2342.75,failed
1419,139,2024-01-03,South,Savings,2924.3,success
1420,419,2024-02-03,West,Loan,2049.03,success
1421,470,2024-01-04,West,Savings,2647.94,success
1422,195,2024-03-29,North,Loan,1522.1200000000001,failed
1423,245,2024-02-26,South,Loan,1967.91,success
1424,42,2024-03-23,East,Savings,1553.5120000000002,success
1425,451,2024-03-17,North,Savings,1685.8880000000001,success
1426,460,2024-03-07,North,Savings,2434.58,failed
1427,151,2024-03-01,North,Credit Card,1772.23,success
1428,58,2024-03-12,North,Savings,1555.38,success
1429,289,2024-01-21,East,Credit Card,2477.65,failed
1430,60,2024-03-31,East,Credit Card,1950.4160000000002,failed
1431,71,2024-02-17,East,Savings,2736.34,success
1432,37,2024-03-09,West,Loan,1698.01,success
1433,452,2024-03-02,West,Loan,1885.23,success
1434,132,2024-01-24,East,Credit Card,2498.29,failed
1435,283,2024-02-28,South,Credit Card,1766.75,success
1436,155,2024-02-16,West,Savings,2320.24,success
1437,369,2024-02-07,East,Credit Card,1904.75,success
1438,209,2024-03-31,East,Credit Card,1729.6240000000003,success
1439,250,2024-01-08,North,Credit Card,1426.15,failed
1440,315,2024-01-29,East,Savings,2042.6,success
1441,386,2024-03-02,West,Savings,504.43,success
1442,60,2024-03-07,East,Savings,2603.0,success
1443,144,2024-01-26,South,Loan,2388.7,success
1444,129,2024-03-29,North,Loan,1220.432,success
1445,383,2024-02-12,West,Loan,2873.68,success
1446,31,2024-03-11,West,Loan,2567.81,success
1447,245,2024-03-09,South,Loan,1446.85,success
1448,428,2024-03-28,South,Credit Card,1388.4080000000001,success
1449,143,2024-01-07,East,Loan,1471.72,success
1450,301,2024-01-06,North,Savings,2176.25,success
1451,455,2024-02-19,East,Savings,1714.82,success
1452,472,2024-02-04,North,Loan,1043.87,success
1453,91,2024-01-20,North,Loan,1965.68,success
1454,36,2024-01-07,East,Credit Card,2455.68,success
1455,415,2024-03-05,South,Loan,2052.88,success
1456,345,2024-03-29,East,Savings,1817.3919999999998,failed
1457,495,2024-02-15,East,Savings,2099.91,success
1458,420,2024-03-19,North,Credit Card,1893.0,success
1459,461,2024-01-26,East,Loan,2144.36,success
1460,317,2024-02-20,West,Savings,1938.65,success
1461,61,2024-02-21,East,Savings,2046.69,success
1462,480,2024-03-11,West,Savings,2758.2,success
1463,229,2024-03-02,West,Credit Card,2301.06,success
1464,383,2024-02-10,West,Credit Card,1524.04,success
1465,188,2024-01-03,South,Savings,2038.74,success
1466,92,2024-03-22,South,Savings,1733.6720000000003,failed
1467,413,2024-02-25,North,Savings,1922.37,failed
1468,113,2024-03-12,East,Loan,1046.1,success
1469,289,2024-01-29,East,Credit Card,1569.81,success
1470,225,2024-02-28,South,Credit Card,1793.2,success
1471,78,2024-02-23,West,Credit Card,2943.84,success
1472,103,2024-01-22,West,Loan,2243.02,success
1473,470,2024-02-05,West,Credit Card,1226.35,success
1474,241,2024-02-29,North,Loan,1953.18,success
1475,294,2024-02-26,South,Credit Card,2662.9,success
1476,380,2024-03-28,West,Loan,1366.5600000000002,success
1477,412,2024-01-17,West,Loan,2519.19,success
1478,413,2024-01-05,North,Loan,1240.33,success
1479,489,2024-01-02,West,Savings,583.92,success
1480,277,2024-02-28,West,Credit Card,2600.13,success
1481,400,2024-01-18,East,Credit Card,1768.42,success
1482,344,2024-02-12,West,Loan,1065.13,failed
1483,34,2024-02-26,East,Savings,1805.74,success
1484,44,2024-01-14,West,Credit Card,2095.21,success
1485,268,2024-02-15,North,Loan,2224.61,success
1486,371,2024-03-24,South,Loan,604.672,success
1487,242,2024-03-25,South,Savings,1336.7040000000002,success
1488,48,2024-03-20,West,Savings,1623.592,success
1489,150,2024-02-03,West,Loan,2223.44,success
1490,150,2024-03-26,West,Loan,1214.9040000000002,success
1491,456,2024-01-09,North,Credit Card,1896.69,failed
1492,444,2024-03-02,West,Loan,1706.73,success
1493,495,2024-01-24,East,Loan,2112.11,success
1494,348,2024-02-28,East,Savings,2579.54,success
1495,206,2024-01-17,East,Loan,1831.87,success
1496,243,2024-02-11,East,Loan,1314.16,success
1497,186,2024-03-22,West,Savings,1316.2240000000002,success
1498,270,2024-02-17,North,Credit Card,2867.47,success
1499,405,2024-03-25,South,Credit Card,1257.288,success
1500,323,2024-02-17,East,Savings,1398.93,success
1501,82,2024-03-22,North,Loan,1441.728,failed
1502,350,2024-02-19,East,Credit Card,1953.31,success
1503,157,2024-03-30,North,Loan,1388.2640000000001,failed
1504,347,2024-03-20,West,Savings,994.2080000000001,success
1505,168,2024-02-02,South,Loan,2160.8,success
1506,283,2024-02-07,South,Credit Card,2112.63,success
1507,265,2024-02-08,North,Credit Card,2346.36,success
1508,83,2024-01-29,East,Savings,2101.16,success
1509,286,2024-02-15,East,Savings,2815.93,success
1510,71,2024-01-20,East,Savings,2387.58,success
1511,295,2024-02-23,East,Savings,2276.52,success
1512,75,2024-03-25,West,Credit Card,2080.216,success
1513,251,2024-02-29,East,Loan,2070.18,success
1514,22,2024-02-11,North,Credit Card,1907.08,success
1515,83,2024-03-10,East,Loan,2155.0,success
1516,465,2024-01-10,South,Savings,1024.45,success
1517,188,2024-03-03,South,Savings,2071.79,success
1518,43,2024-03-06,West,Credit Card,1952.77,success
1519,133,2024-01-01,North,Savings,2209.8,success
1520,232,2024-02-27,East,Credit Card,2520.86,failed
1521,439,2024-02-06,South,Savings,2291.77,success
1522,17,2024-01-07,South,Savings,1646.55,failed
1523,413,2024-02-06,North,Loan,2427.78,success
1524,28,2024-03-23,North,Credit Card,2259.792,success
1525,179,2024-01-30,East,Savings,2535.31,success
1526,174,2024-02-02,North,Savings,1353.43,success
1527,56,2024-01-07,East,Credit Card,2286.2,success
1528,358,2024-03-11,West,Credit Card,1419.11,success
1529,408,2024-03-11,East,Savings,1858.43,success
1530,261,2024-02-16,South,Loan,2194.49,success
1531,13,2024-03-16,South,Credit Card,1700.5919999999999,success
1532,72,2024-03-04,East,Loan,2524.35,success
1533,333,2024-01-07,West,Credit Card,2827.7,success
1534,131,2024-01-11,East,Credit Card,2245.6,failed
1535,127,2024-03-25,South,Credit Card,1456.7920000000001,success
1536,331,2024-03-16,East,Loan,836.256,success
1537,191,2024-02-22,South,Credit Card,2659.15,success
1538,331,2024-03-11,East,Loan,1955.38,success
1539,271,2024-02-11,North,Loan,1981.21,success
1540,195,2024-01-01,North,Savings,2020.66,success
1541,392,2024-02-04,South,Savings,2221.5,success
1542,29,2024-02-02,North,Loan,2236.74,success
1543,169,2024-02-11,West,Credit Card,1866.18,success
1544,382,2024-01-19,South,Credit Card,1950.45,success
1545,238,2024-01-29,North,Loan,1698.59,success
1546,320,2024-02-28,North,Loan,1646.19,success
1547,162,2024-01-04,North,Savings,1643.91,failed
1548,107,2024-03-14,North,Loan,1944.67,success
1549,451,2024-02-18,North,Credit Card,1551.68,success
1550,481,2024-02-11,South,Loan,546.51,success
1551,64,2024-01-02,West,Loan,1812.59,success
1552,29,2024-01-19,North,Savings,1381.29,success
1553,449,2024-03-13,North,Credit Card,2054.7,success
1554,340,2024-02-20,North,Credit Card,1696.75,success
1555,352,2024-02-12,East,Loan,2227.95,success
1556,163,2024-03-05,East,Loan,1422.82,success
1557,14,2024-01-08,West,Loan,1124.09,success
1558,101,2024-03-25,South,Savings,1561.352,success
1559,464,2024-02-17,North,Loan,1792.02,success
1560,95,2024-01-26,East,Credit Card,1341.43,success
1561,307,2024-02-08,West,Loan,2388.01,success
1562,123,2024-02-14,East,Savings,1498.89,success
1563,168,2024-03-20,South,Loan,1299.0240000000001,success
1564,212,2024-03-02,South,Credit Card,2487.66,success
1565,278,2024-01-22,North,Savings,2257.81,success
1566,490,2024-01-07,South,Savings,1448.17,success
1567,266,2024-03-17,West,Loan,1467.688,success
1568,433,2024-03-31,East,Credit Card,1121.288,success
1569,199,2024-01-06,West,Loan,2446.85,failed
1570,187,2024-03-22,East,Loan,1957.1840000000002,failed
1571,139,2024-02-23,South,Credit Card,2914.81,success
1572,194,2024-01-14,North,Savings,3140.83,success
1573,37,2024-01-21,West,Loan,1691.18,success
1574,393,2024-02-09,East,Credit Card,2356.36,success
1575,445,2024-03-03,East,Savings,1058.42,success
1576,96,2024-02-23,North,Credit Card,2092.59,success
1577,93,2024-01-08,North,Credit Card,2212.72,success
1578,234,2024-03-06,West,Credit Card,1523.84,success
1579,38,2024-03-04,North,Credit Card,1661.5,success
1580,466,2024-01-14,South,Credit Card,2450.2,success
1581,127,2024-03-01,South,Loan,2225.61,success
1582,213,2024-02-13,South,Savings,2833.61,success
1583,43,2024-03-28,West,Credit Card,2209.296,success
1584,288,2024-02-14,North,Savings,1171.69,success
1585,95,2024-03-07,East,Credit Card,1737.78,success
1586,429,2024-02-24,West,Loan,1474.93,success
1587,170,2024-01-17,East,Credit Card,2378.75,success
1588,380,2024-02-15,West,Savings,2141.88,success
1589,340,2024-02-23,North,Savings,1506.06,success
1590,18,2024-03-23,East,Savings,1261.256,success
1591,383,2024-03-27,West,Savings,2099.848,failed
1592,372,2024-01-01,East,Savings,1791.05,success
1593,316,2024-02-14,West,Credit Card,987.1,success
1594,194,2024-02-15,North,Savings,1464.57,success
1595,270,2024-01-22,North,Credit Card,2955.71,success
1596,46,2024-01-18,West,Credit Card,2503.72,failed
1597,125,2024-01-18,East,Credit Card,1372.54,success
1598,466,2024-03-04,South,Loan,2092.36,success
1599,341,2024-02-29,South,Loan,2468.96,success
1600,431,2024-02-21,North,Savings,1165.7,failed
1601,71,2024-01-28,East,Credit Card,2529.36,success
1602,455,2024-02-03,East,Savings,2220.65,success
1603,325,2024-03-14,West,Loan,1633.42,success
1604,4,2024-02-03,East,Savings,2301.62,success
1605,156,2024-02-02,South,Credit Card,2149.08,success
1606,335,2024-02-18,South,Loan,2183.81,success
1607,225,2024-01-26,South,Credit Card,2074.04,success
1608,54,2024-03-23,West,Credit Card,1247.576,success
1609,50,2024-02-08,East,Loan,1643.89,success
1610,368,2024-03-12,West,Loan,1880.94,success
1611,203,2024-03-10,West,Loan,2023.0,success
1612,322,2024-03-11,East,Savings,2332.71,success
1613,335,2024-02-11,South,Loan,2970.61,success
1614,146,2024-03-11,South,Credit Card,2115.72,success
1615,205,2024-02-05,South,Loan,2323.24,success
1616,406,2024-03-17,East,Loan,1952.56,success
1617,144,2024-02-01,South,Loan,2360.57,success
1618,192,2024-03-27,North,Savings,1233.488,success
1619,175,2024-03-22,East,Savings,2142.176,success
1620,25,2024-02-10,South,Credit Card,2585.1,failed
1621,18,2024-02-17,East,Loan,2067.15,success
1622,41,2024-01-08,East,Credit Card,1569.15,success
1623,45,2024-02-27,West,Loan,2015.02,success
1624,469,2024-03-21,East,Savings,975.4000000000001,success
1625,368,2024-03-06,West,Credit Card,2751.71,success
1626,368,2024-02-18,West,Savings,1686.13,success
1627,39,2024-03-07,North,Savings,1855.98,failed
1628,458,2024-03-13,South,Loan,2709.27,success
1629,164,2024-01-16,East,Loan,756.1,failed
1630,328,2024-03-31,North,Loan,2110.784,success
1631,439,2024-02-04,South,Loan,2169.01,success
1632,248,2024-01-18,North,Credit Card,2838.2,success
1633,222,2024-01-03,East,Loan,1527.25,success
1634,85,2024-03-27,North,Credit Card,1735.4240000000002,success
1635,162,2024-01-04,North,Loan,1531.04,success
1636,408,2024-02-25,East,Loan,2550.41,success
1637,337,2024-01-07,West,Savings,2530.69,success
1638,194,2024-01-20,North,Savings,2880.59,success
1639,275,2024-01-18,North,Loan,1999.84,success
1640,164,2024-03-01,East,Loan,3043.02,success
1641,69,2024-03-01,North,Credit Card,1492.62,success
1642,425,2024-01-30,South,Savings,1973.05,success
1643,424,2024-02-23,South,Loan,1508.85,success
1644,36,2024-01-24,East,Loan,2098.07,success
1645,147,2024-01-23,East,Loan,1547.97,success
1646,173,2024-03-23,East,Savings,2041.5520000000001,success
1647,390,2024-03-21,East,Loan,1790.064,success
1648,489,2024-01-27,West,Savings,1453.92,success
1649,458,2024-01-03,South,Savings,2417.38,success
1650,388,2024-02-17,South,Savings,2794.92,success
1651,424,2024-02-25,South,Loan,2287.04,success
1652,332,2024-03-04,South,Loan,1317.09,success
1653,114,2024-01-24,South,Savings,1925.52,success
1654,308,2024-01-11,South,Credit Card,2353.04,success
1655,215,2024-03-12,East,Savings,1878.66,success
1656,115,2024-01-01,West,Credit Card,1486.82,success
1657,220,2024-01-20,East,Savings,2615.0,success
1658,137,2024-01-27,East,Credit Card,1857.81,success
1659,451,2024-03-30,North,Credit Card,2236.232,failed
1660,385,2024-03-07,East,Credit Card,1740.3,success
1661,31,2024-01-26,West,Savings,1829.55,failed
1662,77,2024-02-27,East,Savings,1703.09,success
1663,114,2024-01-21,South,Credit Card,1917.18,success
1664,115,2024-02-21,West,Loan,2229.08,failed
1665,333,2024-02-15,West,Savings,1510.14,success
1666,493,2024-02-15,North,Loan,1423.33,success
1667,358,2024-01-25,West,Credit Card,1156.33,success
1668,197,2024-01-05,West,Loan,1103.05,success
1669,210,2024-01-05,West,Loan,1322.28,success
1670,174,2024-03-17,North,Savings,1389.6480000000001,success
1671,367,2024-02-19,North,Savings,2088.88,failed
1672,320,2024-01-26,North,Loan,2200.24,success
1673,217,2024-03-18,South,Loan,1652.4240000000002,success
1674,140,2024-03-18,South,Savings,2180.368,success
1675,165,2024-03-31,South,Credit Card,2322.88,success
1676,131,2024-03-02,East,Credit Card,1860.09,success
1677,250,2024-02-12,North,Loan,1517.73,success
1678,236,2024-03-06,East,Loan,3082.53,success
1679,315,2024-01-29,East,Credit Card,2595.27,success
1680,94,2024-02-13,North,Loan,2552.95,success
1681,13,2024-03-08,South,Credit Card,1718.03,success
1682,478,2024-02-21,North,Loan,2430.82,success
1683,310,2024-02-11,North,Savings,2069.53,success
1684,191,2024-01-24,South,Savings,1963.01,success
1685,465,2024-02-15,South,Loan,1962.17,success
1686,443,2024-02-09,South,Savings,2252.79,success
1687,370,2024-01-05,East,Credit Card,2744.56,success
1688,139,2024-01-31,South,Loan,3135.72,success
1689,187,2024-02-05,East,Credit Card,1797.8,success
1690,402,2024-03-09,East,Savings,2097.74,success
1691,276,2024-01-15,East,Savings,1950.58,success
1692,256,2024-01-20,South,Savings,2217.99,success
1693,357,2024-02-27,South,Credit Card,733.88,failed
1694,348,2024-02-21,East,Savings,1888.76,success
1695,314,2024-01-11,North,Loan,3023.43,failed
1696,157,2024-03-29,North,Savings,1330.0240000000001,success
1697,487,2024-01-16,North,Savings,1798.46,success
1698,434,2024-03-02,East,Loan,1724.94,success
1699,265,2024-02-10,North,Savings,1926.49,failed
1700,42,2024-02-06,East,Loan,1353.69,success
1701,264,2024-01-10,West,Savings,1733.92,success
1702,445,2024-01-27,East,Loan,2212.92,success
1703,376,2024-02-19,North,Loan,2209.1,success
1704,265,2024-01-31,North,Savings,2126.28,success
1705,19,2024-01-17,East,Credit Card,2692.27,success
1706,10,2024-02-14,North,Savings,2233.27,success
1707,414,2024-03-16,West,Credit Card,2138.4880000000003,failed
1708,46,2024-01-24,West,Loan,3136.22,success
1709,181,2024-02-16,North,Loan,2444.52,success
1710,489,2024-03-18,West,Credit Card,1084.68,success
1711,318,2024-03-21,East,Savings,1717.0880000000002,success
1712,349,2024-03-11,North,Loan,2070.49,success
1713,253,2024-02-08,South,Loan,2794.31,success
1714,221,2024-03-26,South,Credit Card,1555.4,success
1715,235,2024-03-11,North,Credit Card,1597.52,success
1716,247,2024-03-25,East,Credit Card,1408.9440000000002,success
1717,120,2024-03-10,South,Credit Card,1372.43,success
1718,18,2024-03-09,East,Savings,535.28,success
1719,305,2024-03-22,West,Savings,2421.192,failed
1720,314,2024-03-25,North,Credit Card,1607.5280000000002,success
1721,303,2024-03-22,West,Savings,1131.336,success
1722,333,2024-02-20,West,Savings,2847.86,success
1723,277,2024-03-10,West,Credit Card,2948.64,success
1724,255,2024-03-05,West,Savings,2087.64,success
1725,288,2024-02-24,North,Loan,1331.64,success
1726,308,2024-01-03,South,Savings,1772.73,success
1727,276,2024-02-09,East,Loan,1890.67,success
1728,411,2024-02-24,South,Credit Card,2026.13,success
1729,168,2024-01-20,South,Loan,1469.7,success
1730,119,2024-02-25,South,Credit Card,2488.91,success
1731,496,2024-01-26,North,Loan,947.18,success
1732,380,2024-01-28,West,Loan,2576.8,success
1733,455,2024-02-05,East,Savings,2693.17,success
1734,311,2024-01-17,East,Loan,1819.34,success
1735,74,2024-01-03,South,Credit Card,1967.91,success
1736,388,2024-02-24,South,Loan,2765.1,success
1737,327,2024-01-29,North,Loan,2332.46,success
1738,399,2024-02-02,South,Loan,1836.49,success
1739,256,2024-01-19,South,Credit Card,1893.27,success
1740,128,2024-01-26,East,Loan,2255.75,success
1741,260,2024-02-28,East,Credit Card,2967.58,failed
1742,395,2024-02-24,South,Savings,1908.42,success
1743,80,2024-01-25,West,Loan,1821.66,success
1744,122,2024-03-11,West,Credit Card,2022.61,success
1745,209,2024-02-25,East,Credit Card,2025.6,success
1746,494,2024-01-10,West,Credit Card,2161.49,success
1747,352,2024-01-30,East,Credit Card,1969.5,success
1748,313,2024-02-19,East,Credit Card,2610.41,success
1749,191,2024-03-31,South,Savings,1249.288,success
1750,375,2024-01-07,North,Credit Card,2217.39,success
1751,38,2024-03-26,North,Loan,1790.176,success
1752,185,2024-01-21,West,Credit Card,1602.22,success
1753,377,2024-03-17,South,Credit Card,1769.76,success
1754,307,2024-03-03,West,Loan,2251.37,failed
1755,47,2024-03-08,South,Loan,753.36,success
1756,82,2024-03-23,North,Savings,1213.736,success
1757,56,2024-02-02,East,Loan,2814.58,success
1758,283,2024-03-01,South,Savings,1709.11,success
1759,348,2024-01-18,East,Savings,1413.06,success
1760,249,2024-03-27,North,Loan,867.3280000000001,success
1761,192,2024-01-04,North,Loan,1474.35,success
1762,361,2024-03-27,West,Loan,1558.624,success
1763,421,2024-01-27,East,Savings,1380.47,success
1764,279,2024-02-21,North,Savings,2339.47,success
1765,72,2024-03-13,East,Credit Card,1593.8,success
1766,145,2024-01-30,South,Credit Card,2165.43,success
1767,491,2024-01-15,North,Savings,2725.5,success
1768,116,2024-01-17,South,Loan,2688.25,success
1769,452,2024-01-28,West,Loan,2156.57,success
1770,380,2024-01-04,West,Savings,1444.21,success
1771,486,2024-01-17,South,Savings,1982.09,success
1772,353,2024-01-11,East,Credit Card,2173.35,success
1773,156,2024-02-26,South,Credit Card,3255.78,success
1774,262,2024-03-31,West,Loan,863.9680000000001,failed
1775,125,2024-01-10,East,Credit Card,1983.86,success
1776,112,2024-03-06,North,Credit Card,2320.27,success
1777,355,2024-02-22,South,Loan,2061.54,success
1778,163,2024-02-15,East,Credit Card,2116.39,success
1779,14,2024-01-30,West,Credit Card,1621.62,success
1780,162,2024-02-18,North,Savings,2479.19,success
1781,366,2024-03-29,West,Credit Card,1620.664,success
1782,388,2024-02-06,South,Loan,2114.54,success
1783,268,2024-02-26,North,Savings,2537.16,success
1784,296,2024-03-03,West,Loan,1851.26,success
1785,83,2024-03-27,East,Savings,2124.792,failed
1786,278,2024-02-07,North,Credit Card,1364.97,success
1787,434,2024-01-14,East,Credit Card,2143.48,success
1788,116,2024-01-27,South,Credit Card,1592.31,success
1789,81,2024-03-28,East,Savings,1173.5040000000001,success
1790,414,2024-01-08,West,Loan,2960.18,success
1791,166,2024-03-13,East,Credit Card,1388.55,success
1792,142,2024-03-16,West,Savings,1628.5040000000001,success
1793,227,2024-02-24,West,Credit Card,1353.25,success
1794,130,2024-01-22,West,Loan,2619.79,success
1795,298,2024-02-18,South,Loan,1801.89,success
1796,158,2024-02-11,West,Credit Card,2534.19,failed
1797,328,2024-02-19,North,Credit Card,2302.06,success
1798,248,2024-01-28,North,Savings,3151.82,success
1799,432,2024-03-22,South,Savings,1008.224,success
1800,435,2024-02-02,West,Loan,1513.31,success
1801,18,2024-02-05,East,Loan,2503.57,success
1802,346,2024-02-27,North,Loan,2168.07,success
1803,148,2024-01-25,West,Savings,1886.26,success
1804,198,2024-03-17,North,Savings,2419.928,success
1805,395,2024-02-15,South,Savings,2000.34,success
1806,314,2024-03-22,North,Credit Card,1288.056,success
1807,100,2024-03-13,East,Loan,2540.99,success
1808,68,2024-03-06,South,Savings,2017.01,failed
1809,316,2024-03-07,West,Savings,2055.69,success
1810,207,2024-01-23,West,Loan,2346.43,success
1811,37,2024-01-19,West,Savings,2367.32,failed
1812,133,2024-01-22,North,Savings,1507.1,success
1813,385,2024-02-29,East,Credit Card,1857.92,success
1814,216,2024-03-14,East,Loan,1313.57,success
1815,365,2024-01-21,East,Loan,2175.74,success
1816,427,2024-01-02,South,Loan,2948.88,success
1817,84,2024-02-09,East,Savings,1526.05,success
1818,267,2024-03-14,South,Savings,1228.6,success
1819,95,2024-01-23,East,Savings,1683.62,success
1820,358,2024-03-30,West,Loan,1505.616,failed
1821,288,2024-03-15,North,Loan,2372.09,success
1822,347,2024-02-24,West,Loan,1830.44,failed
1823,226,2024-03-03,West,Credit Card,2185.03,success
1824,38,2024-01-17,North,Loan,1751.53,success
1825,20,2024-03-05,East,Loan,1908.72,success
1826,157,2024-02-11,North,Credit Card,1594.5,success
1827,81,2024-03-25,East,Loan,1154.384,failed
1828,345,2024-02-02,East,Savings,2391.44,success
1829,162,2024-02-05,North,Savings,1784.44,success
1830,442,2024-01-01,West,Credit Card,2222.39,failed
1831,155,2024-03-03,West,Savings,1587.17,success
1832,115,2024-03-06,West,Loan,2003.59,success
1833,203,2024-03-03,West,Savings,956.76,success
1834,179,2024-01-26,East,Savings,1819.98,success
1835,406,2024-01-24,East,Credit Card,1635.96,success
1836,97,2024-03-14,South,Credit Card,2596.37,success
1837,90,2024-01-05,East,Savings,1371.07,success
1838,405,2024-03-01,South,Loan,1928.93,success
1839,269,2024-01-26,South,Savings,2169.34,success
1840,248,2024-01-09,North,Savings,2514.73,success
1841,285,2024-03-15,North,Savings,2436.16,success
1842,96,2024-02-03,North,Loan,1967.66,success
1843,60,2024-02-11,East,Loan,2036.44,success
1844,448,2024-01-02,South,Savings,2595.85,success
1845,491,2024-01-07,North,Credit Card,1958.14,success
1846,277,2024-01-22,West,Loan,2089.35,success
1847,89,2024-03-09,East,Credit Card,2614.61,success
1848,258,2024-01-19,South,Credit Card,3242.59,success
1849,45,2024-01-27,West,Credit Card,2132.39,success
1850,249,2024-01-14,North,Savings,2266.68,success
1851,275,2024-03-09,North,Loan,2419.73,success
1852,153,2024-01-09,West,Savings,2609.1,success
1853,382,2024-02-03,South,Savings,2528.68,success
1854,350,2024-03-18,East,Credit Card,1371.304,success
1855,56,2024-02-03,East,Credit Card,2166.3,success
1856,284,2024-02-18,West,Loan,2532.59,success
1857,266,2024-01-28,West,Savings,2726.31,success
1858,128,2024-02-17,East,Credit Card,1929.81,success
1859,1,2024-01-15,North,Credit Card,2153.81,success
1860,22,2024-02-08,North,Credit Card,2212.03,success
1861,487,2024-02-08,North,Loan,2019.72,success
1862,430,2024-01-18,South,Savings,2140.5,success
1863,450,2024-03-02,West,Savings,933.7,success
1864,127,2024-01-29,South,Savings,3621.55,success
1865,294,2024-03-06,South,Credit Card,3153.96,failed
1866,101,2024-01-09,South,Credit Card,1909.28,success
1867,420,2024-03-07,North,Savings,1946.83,success
1868,398,2024-01-25,East,Loan,1180.99,success
1869,344,2024-03-25,West,Credit Card,885.448,success
1870,456,2024-01-02,North,Credit Card,2248.44,success
1871,357,2024-02-10,South,Credit Card,2534.89,success
1872,32,2024-03-01,South,Loan,2429.01,success
1873,164,2024-01-02,East,Savings,1585.9,success
1874,471,2024-01-25,East,Savings,2396.59,success
1875,344,2024-02-27,West,Loan,1938.97,success
1876,37,2024-02-19,West,Loan,1814.71,success
1877,195,2024-03-18,North,Credit Card,1060.784,success
1878,486,2024-02-26,South,Savings,1642.66,success
1879,89,2024-03-04,East,Credit Card,2260.64,success
1880,335,2024-02-18,South,Loan,2160.84,success
1881,483,2024-03-30,North,Savings,1667.2240000000002,success
1882,24,2024-02-25,South,Loan,911.47,success
1883,497,2024-01-29,North,Credit Card,2089.24,success
1884,457,2024-03-29,North,Loan,1365.632,success
1885,62,2024-01-26,South,Credit Card,2164.55,failed
1886,339,2024-03-05,South,Savings,2626.42,success
1887,319,2024-01-25,West,Savings,1775.89,success
1888,180,2024-03-05,West,Loan,2051.72,success
1889,136,2024-01-15,North,Savings,3021.04,success
1890,388,2024-01-30,South,Savings,2138.68,success
1891,14,2024-03-23,West,Credit Card,1591.088,failed
1892,405,2024-03-02,South,Loan,1593.49,success
1893,194,2024-02-23,North,Savings,2411.64,failed
1894,270,2024-02-24,North,Loan,1512.32,success
1895,183,2024-03-11,North,Savings,2651.75,success
1896,413,2024-03-13,North,Credit Card,2332.35,success
1897,354,2024-01-10,South,Credit Card,1723.54,success
1898,185,2024-02-28,West,Loan,1609.0,success
1899,42,2024-01-30,East,Savings,1620.15,success
1900,441,2024-03-15,East,Savings,1114.47,success
1901,354,2024-03-23,South,Savings,1788.616,success
1902,390,2024-03-11,East,Savings,962.21,success
1903,73,2024-03-02,North,Loan,1956.97,failed
1904,326,2024-03-02,West,Credit Card,1924.84,success
1905,398,2024-03-24,East,Savings,1469.3200000000002,success
1906,484,2024-01-03,North,Loan,2232.18,success
1907,479,2024-02-05,West,Savings,1724.72,success
1908,159,2024-01-07,West,Loan,2090.53,success
1909,466,2024-02-02,South,Loan,2651.64,failed
1910,88,2024-03-13,East,Loan,2293.08,success
1911,411,2024-03-28,South,Credit Card,1435.0320000000002,failed
1912,472,2024-03-15,North,Savings,2003.94,success
1913,302,2024-02-26,South,Loan,1837.19,failed
1914,210,2024-03-19,West,Loan,1534.2640000000001,success
1915,475,2024-02-16,North,Loan,2106.05,success
1916,86,2024-03-08,West,Savings,1305.73,success
1917,70,2024-02-02,South,Savings,1199.86,success
1918,30,2024-02-21,East,Credit Card,1553.61,success
1919,220,2024-01-06,East,Savings,2256.81,success
1920,428,2024-03-19,South,Credit Card,1861.992,success
1921,224,2024-03-10,East,Credit Card,2405.4,success
1922,403,2024-01-07,West,Credit Card,1571.75,success
1923,303,2024-01-06,West,Savings,2048.84,success
1924,109,2024-03-02,North,Savings,1808.59,success
1925,6,2024-02-28,South,Savings,1938.14,success
1926,124,2024-02-14,East,Credit Card,1800.05,failed
1927,270,2024-03-15,North,Credit Card,2134.65,success
1928,406,2024-03-02,East,Credit Card,1664.94,success
1929,474,2024-03-11,East,Loan,2585.86,success
1930,354,2024-02-06,South,Loan,2590.95,success
1931,450,2024-02-10,West,Savings,2240.45,success
1932,213,2024-01-05,South,Savings,2518.04,success
1933,187,2024-02-12,East,Credit Card,1288.51,success
1934,95,2024-01-16,East,Loan,2618.83,success
1935,77,2024-03-15,East,Loan,2189.88,success
1936,379,2024-02-13,North,Savings,1692.84,success
1937,80,2024-03-09,West,Credit Card,1645.11,success
1938,454,2024-02-06,North,Loan,2804.39,success
1939,19,2024-01-27,East,Loan,2414.11,success
1940,480,2024-03-04,West,Savings,1925.03,success
1941,278,2024-02-18,North,Savings,1283.42,success
1942,154,2024-01-05,North,Credit Card,2648.03,success
1943,405,2024-03-28,South,Credit Card,1157.1360000000002,success
1944,316,2024-01-14,West,Loan,1817.25,success
1945,121,2024-01-07,North,Credit Card,1924.35,success
1946,222,2024-01-11,East,Loan,1638.0,success
1947,260,2024-01-09,East,Credit Card,1902.3,success
1948,43,2024-01-18,West,Credit Card,1996.48,success
1949,306,2024-02-14,North,Savings,1892.2,success
1950,388,2024-01-10,South,Credit Card,2159.76,success
1951,277,2024-01-07,West,Savings,2826.81,success
1952,402,2024-02-03,East,Credit Card,1304.89,success
1953,289,2024-02-21,East,Credit Card,2078.88,failed
1954,111,2024-01-06,South,Credit Card,1451.32,success
1955,384,2024-01-07,North,Loan,1261.54,success
1956,3,2024-02-13,East,Loan,2475.01,success
1957,144,2024-02-12,South,Loan,2121.5,success
1958,58,2024-03-21,North,Credit Card,986.9200000000001,failed
1959,30,2024-01-01,East,Credit Card,1901.86,failed
1960,140,2024-01-29,South,Savings,1078.1,failed
1961,103,2024-01-11,West,Savings,1554.84,success
1962,21,2024-03-13,North,Loan,901.94,failed
1963,236,2024-02-07,East,Credit Card,1918.94,success
1964,110,2024-01-13,East,Savings,2346.43,success
1965,166,2024-03-16,East,Credit Card,1833.0320000000002,success
1966,438,2024-02-02,East,Loan,1803.47,success
1967,246,2024-01-12,West,Loan,2500.82,failed
1968,446,2024-01-17,West,Loan,2696.73,success
1969,475,2024-03-19,North,Loan,1884.2160000000001,success
1970,7,2024-03-08,North,Credit Card,1721.94,success
1971,389,2024-03-17,East,Savings,1547.976,success
1972,340,2024-01-15,North,Savings,2807.39,success
1973,263,2024-03-21,North,Credit Card,1471.192,success
1974,83,2024-02-08,East,Loan,2292.95,success
1975,376,2024-01-16,North,Savings,1631.61,success
1976,148,2024-01-01,West,Credit Card,2504.74,success
1977,234,2024-01-30,West,Credit Card,1577.53,success
1978,144,2024-03-13,South,Savings,1956.28,success
1979,404,2024-02-26,South,Savings,2274.16,success
1980,437,2024-01-03,North,Savings,2927.75,success
1981,35,2024-03-16,South,Loan,1689.696,success
1982,115,2024-01-24,West,Loan,1868.67,success
1983,121,2024-01-07,North,Savings,1831.81,success
1984,11,2024-01-05,West,Loan,2480.15,success
1985,457,2024-02-13,North,Loan,2231.24,success
1986,359,2024-03-24,East,Credit Card,1868.616,failed
1987,310,2024-01-25,North,Credit Card,2764.02,success
1988,363,2024-02-15,West,Credit Card,2030.04,success
1989,147,2024-03-10,East,Savings,2194.16,success
1990,44,2024-02-18,West,Loan,1825.28,success
1991,179,2024-01-28,East,Credit Card,1613.72,success
1992,309,2024-02-22,West,Savings,1701.51,success
1993,388,2024-01-21,South,Loan,804.85,success
1994,425,2024-03-17,South,Loan,1815.048,success
1995,128,2024-01-17,East,Credit Card,2214.09,success
1996,423,2024-01-08,West,Loan,2257.65,success
1997,44,2024-01-23,West,Savings,1582.86,success
1998,340,2024-03-29,North,Credit Card,1367.7440000000001,success
1999,20,2024-02-10,East,Loan,1694.31,success
2000,171,2024-03-04,East,Credit Card,2558.42,success
2001,237,2024-01-02,West,Credit Card,2093.21,success
2002,2,2024-02-29,South,Savings,2024.65,success
2003,176,2024-03-20,South,Loan,1907.536,success
2004,113,2024-01-08,East,Savings,1695.89,success
2005,335,2024-01-18,South,Savings,2181.56,success
2006,454,2024-01-24,North,Credit Card,3007.64,success
2007,463,2024-03-20,North,Savings,2116.2560000000003,success
2008,81,2024-01-10,East,Credit Card,2173.78,success
2009,82,2024-02-09,North,Savings,2043.35,failed
2010,95,2024-02-27,East,Credit Card,2253.12,success
2011,69,2024-01-21,North,Credit Card,2723.65,success
2012,294,2024-01-22,South,Loan,2681.28,success
2013,138,2024-01-25,South,Loan,2820.31,success
2014,396,2024-03-22,East,Credit Card,1697.152,success
2015,354,2024-02-13,South,Credit Card,958.95,success
2016,116,2024-03-16,South,Savings,2369.3759999999997,success
2017,122,2024-02-25,West,Credit Card,1612.69,success
2018,330,2024-02-16,East,Loan,1012.26,failed
2019,411,2024-01-31,South,Loan,2375.55,failed
2020,374,2024-02-14,North,Loan,967.46,success
2021,143,2024-01-03,East,Credit Card,2014.23,success
2022,480,2024-03-30,West,Savings,768.8720000000001,failed
2023,298,2024-03-21,South,Loan,1471.88,success
2024,352,2024-01-21,East,Credit Card,2821.69,success
2025,231,2024-02-18,West,Credit Card,2180.32,success
2026,372,2024-02-15,East,Credit Card,2009.01,success
2027,150,2024-01-02,West,Savings,2236.32,success
2028,265,2024-02-01,North,Loan,647.8,success
2029,402,2024-02-03,East,Savings,1685.06,success
2030,289,2024-03-02,East,Loan,1755.86,success
2031,390,2024-02-17,East,Savings,2316.66,success
2032,480,2024-03-06,West,Loan,1507.5,success
2033,317,2024-03-09,West,Credit Card,2099.34,success
2034,412,2024-03-13,West,Loan,1960.47,success
2035,106,2024-01-21,South,Credit Card,1710.44,success
2036,400,2024-01-24,East,Savings,1741.15,success
2037,203,2024-03-17,West,Savings,1564.7600000000002,success
2038,133,2024-03-15,North,Credit Card,1074.08,success
2039,319,2024-02-01,West,Credit Card,2391.79,success
2040,17,2024-02-17,South,Credit Card,1609.42,success
2041,291,2024-03-17,East,Savings,1496.08,failed
2042,282,2024-03-16,East,Savings,2239.416,success
2043,316,2024-01-17,West,Loan,2401.06,success
2044,464,2024-01-21,North,Loan,1424.42,success
2045,469,2024-01-22,East,Loan,580.46,success
2046,109,2024-03-07,North,Loan,2258.47,success
2047,416,2024-03-27,East,Credit Card,1511.392,success
2048,202,2024-02-19,North,Credit Card,2102.38,success
2049,321,2024-01-18,West,Loan,2382.94,success
2050,366,2024-01-16,West,Loan,2466.22,success
2051,336,2024-02-24,East,Savings,1792.45,success
2052,439,2024-02-09,South,Loan,1947.83,success
2053,381,2024-01-04,West,Credit Card,2196.65,success
2054,39,2024-03-25,North,Credit Card,1784.112,success
2055,387,2024-02-03,South,Credit Card,2097.42,success
2056,91,2024-02-07,North,Credit Card,2731.1,success
2057,418,2024-02-25,North,Savings,2224.32,success
2058,430,2024-03-15,South,Loan,2374.95,success
2059,217,2024-01-11,South,Loan,2139.63,success
2060,458,2024-03-05,South,Loan,1504.15,failed
2061,75,2024-03-12,West,Loan,1683.56,success
2062,482,2024-01-27,East,Credit Card,1405.38,success
2063,76,2024-01-15,South,Credit Card,2526.99,success
2064,331,2024-02-23,East,Loan,1231.21,success
2065,266,2024-02-18,West,Credit Card,1927.55,success
2066,142,2024-02-05,West,Loan,1818.44,success
2067,158,2024-02-18,West,Credit Card,996.27,failed
2068,348,2024-02-25,East,Credit Card,1805.83,success
2069,333,2024-01-16,West,Loan,1847.19,success
2070,78,2024-01-14,West,Loan,2839.34,success
2071,394,2024-02-27,North,Savings,1044.18,success
2072,339,2024-03-13,South,Savings,2655.58,success
2073,204,2024-01-13,North,Loan,1887.84,success
2074,141,2024-01-15,South,Loan,2429.79,success
2075,443,2024-02-29,South,Savings,2039.9,success
2076,269,2024-03-06,South,Credit Card,1450.69,failed
2077,278,2024-03-04,North,Loan,2710.25,success
2078,41,2024-03-20,East,Credit Card,2093.904,success
2079,197,2024-02-23,West,Loan,1484.02,failed
2080,345,2024-03-13,East,Loan,2297.75,success
2081,159,2024-01-29,West,Loan,1705.05,success
2082,191,2024-02-13,South,Credit Card,1249.89,success
2083,395,2024-03-22,South,Credit Card,1288.464,failed
2084,190,2024-03-30,North,Credit Card,2140.4320000000002,failed
2085,215,2024-01-09,East,Loan,2443.1,success
2086,380,2024-01-06,West,Savings,1852.88,success
2087,340,2024-02-12,North,Credit Card,2678.29,success
2088,192,2024-01-15,North,Savings,2573.02,success
2089,439,2024-01-08,South,Savings,1611.31,success
2090,35,2024-03-16,South,Loan,2251.856,success
2091,27,2024-03-16,North,Savings,1450.928,success
2092,370,2024-01-02,East,Loan,1878.65,success
2093,126,2024-03-07,North,Loan,1054.99,success
2094,51,2024-01-08,West,Savings,1696.18,success
2095,227,2024-03-29,West,Credit Card,1545.0720000000001,failed
2096,351,2024-03-12,East,Credit Card,2153.84,success
2097,3,2024-01-23,East,Savings,1452.24,success
2098,335,2024-02-26,South,Loan,1632.4,success
2099,28,2024-02-10,North,Savings,2828.1,success
2100,137,2024-03-09,East,Loan,2535.18,success
2101,461,2024-03-18,East,Loan,2108.7599999999998,success
2102,329,2024-02-16,North,Loan,1972.04,success
2103,428,2024-03-18,South,Loan,1735.1840000000002,failed
2104,498,2024-01-03,North,Savings,2309.44,success
2105,193,2024-01-27,West,Loan,2819.18,success
2106,456,2024-01-04,North,Savings,1240.54,success
2107,259,2024-02-01,North,Savings,684.63,failed
2108,143,2024-02-26,East,Savings,1742.61,success
2109,32,2024-03-15,South,Savings,2121.77,success
2110,189,2024-01-11,South,Savings,2043.06,success
2111,31,2024-01-31,West,Credit Card,1626.54,success
2112,219,2024-01-28,North,Loan,2263.27,success
2113,122,2024-02-08,West,Credit Card,1761.29,success
2114,435,2024-03-17,West,Savings,1605.1280000000002,success
2115,136,2024-02-05,North,Credit Card,2239.91,success
2116,366,2024-03-29,West,Loan,1426.888,success
2117,252,2024-03-12,West,Credit Card,2396.91,success
2118,28,2024-02-03,North,Credit Card,2493.19,success
2119,39,2024-01-18,North,Loan,1644.01,success
2120,176,2024-02-13,South,Savings,1757.91,failed
2121,72,2024-02-15,East,Savings,1516.88,success
2122,251,2024-03-18,East,Savings,1596.288,success
2123,322,2024-02-13,East,Savings,2153.49,success
2124,187,2024-03-17,East,Credit Card,2325.36,failed
2125,126,2024-03-07,North,Savings,1828.56,success
2126,445,2024-01-19,East,Loan,2139.17,success
2127,65,2024-03-20,South,Savings,1396.3120000000001,success
2128,378,2024-03-24,North,Loan,1408.496,success
2129,113,2024-01-02,East,Loan,2179.74,success
2130,179,2024-03-14,East,Loan,1791.69,success
2131,118,2024-01-08,West,Savings,1968.44,success
2132,59,2024-02-26,West,Loan,2197.9,success
2133,212,2024-02-25,South,Savings,2131.78,success
2134,11,2024-01-11,West,Savings,806.54,success
2135,456,2024-01-22,North,Loan,1752.06,success
2136,318,2024-03-03,East,Savings,2548.65,failed
2137,223,2024-03-11,East,Loan,1217.18,failed
2138,135,2024-01-16,East,Loan,496.18,success
2139,38,2024-03-07,North,Loan,2285.59,failed
2140,356,2024-03-06,East,Savings,2121.83,success
2141,241,2024-03-29,North,Credit Card,1163.92,success
2142,404,2024-03-04,South,Loan,2055.27,success
2143,303,2024-03-02,West,Credit Card,1686.84,success
2144,237,2024-02-15,West,Credit Card,2247.03,success
2145,79,2024-03-07,South,Credit Card,572.69,success
2146,75,2024-02-04,West,Credit Card,1871.83,failed
2147,445,2024-01-22,East,Loan,1730.98,failed
2148,183,2024-03-09,North,Savings,2398.92,failed
2149,178,2024-01-24,West,Credit Card,1070.33,success
2150,225,2024-03-11,South,Loan,2022.75,success
2151,284,2024-02-28,West,Loan,2279.17,success
2152,2,2024-01-25,South,Credit Card,2928.32,success
2153,459,2024-01-08,East,Credit Card,1759.12,failed
2154,476,2024-02-08,North,Credit Card,2162.23,success
2155,228,2024-02-04,West,Savings,1098.07,success
2156,111,2024-03-02,South,Loan,1997.22,success
2157,238,2024-03-13,North,Loan,2589.26,success
2158,471,2024-01-16,East,Loan,2934.41,success
2159,183,2024-03-11,North,Savings,2209.85,failed
2160,334,2024-02-06,East,Credit Card,1214.56,success
2161,154,2024-01-28,North,Loan,2677.79,success
2162,448,2024-02-26,South,Credit Card,1218.48,success
2163,481,2024-01-17,South,Savings,1410.27,success
2164,197,2024-01-04,West,Credit Card,2726.64,success
2165,57,2024-03-12,West,Loan,1960.88,success
2166,247,2024-02-28,East,Loan,1705.05,success
2167,113,2024-03-25,East,Savings,1879.4720000000002,success
2168,415,2024-01-09,South,Loan,2082.15,success
2169,273,2024-02-15,East,Credit Card,3098.11,failed
2170,404,2024-01-22,South,Loan,2537.67,success
2171,406,2024-02-19,East,Savings,2105.33,success
2172,198,2024-02-24,North,Credit Card,2116.92,success
2173,399,2024-01-05,South,Savings,2517.72,success
2174,46,2024-02-29,West,Loan,1954.15,success
2175,3,2024-03-03,East,Savings,1556.12,success
2176,153,2024-01-18,West,Loan,2379.76,failed
2177,229,2024-02-17,West,Savings,1854.12,success
2178,115,2024-03-28,West,Savings,1716.36,success
2179,392,2024-01-08,South,Savings,1002.23,success
2180,116,2024-01-28,South,Credit Card,1933.93,success
2181,328,2024-01-31,North,Credit Card,1738.13,success
2182,69,2024-03-11,North,Savings,989.1,success
2183,81,2024-02-23,East,Loan,1949.36,success
2184,497,2024-03-16,North,Loan,1572.7520000000002,success
2185,150,2024-02-08,West,Credit Card,2181.99,success
2186,18,2024-01-24,East,Credit Card,2579.69,success
2187,109,2024-01-10,North,Loan,2486.55,success
2188,426,2024-02-02,North,Loan,1771.18,success
2189,362,2024-01-11,North,Savings,2092.84,success
2190,423,2024-03-22,West,Loan,1803.4400000000003,success
2191,105,2024-03-10,North,Savings,1784.85,success
2192,420,2024-03-02,North,Savings,1257.97,success
2193,272,2024-03-11,North,Loan,1895.77,failed
2194,271,2024-03-09,North,Savings,2603.3,success
2195,75,2024-01-18,West,Credit Card,1236.42,success
2196,73,2024-01-28,North,Credit Card,1507.67,success
2197,272,2024-01-10,North,Savings,1603.74,success
2198,42,2024-01-21,East,Loan,1512.94,success
2199,243,2024-03-15,East,Loan,2351.71,success
2200,288,2024-03-03,North,Credit Card,1684.99,success
2201,345,2024-03-02,East,Savings,2365.98,success
2202,277,2024-01-31,West,Loan,2022.18,success
2203,96,2024-01-01,North,Credit Card,1127.15,success
2204,383,2024-03-16,West,Credit Card,1436.28,success
2205,58,2024-01-14,North,Credit Card,2502.96,success
2206,306,2024-03-10,North,Credit Card,2077.25,success
2207,366,2024-02-29,West,Credit Card,1831.72,success
2208,96,2024-02-09,North,Savings,2610.14,success
2209,112,2024-02-24,North,Loan,1461.66,success
2210,351,2024-03-01,East,Credit Card,1702.23,success
2211,64,2024-01-21,West,Savings,2450.27,success
2212,187,2024-03-27,East,Credit Card,1872.5439999999999,success
2213,33,2024-02-20,South,Credit Card,1423.15,failed
2214,211,2024-03-15,South,Loan,2236.52,success
2215,113,2024-03-18,East,Credit Card,1341.768,success
2216,238,2024-02-17,North,Loan,968.3,success
2217,103,2024-03-27,West,Savings,1473.056,failed
2218,252,2024-02-18,West,Savings,2974.17,success
2219,170,2024-02-16,East,Credit Card,2512.55,success
2220,99,2024-02-29,West,Loan,1976.31,success
2221,79,2024-03-25,South,Savings,967.1280000000002,success
2222,363,2024-02-28,West,Savings,981.89,success
2223,293,2024-03-08,South,Loan,2023.75,success
2224,122,2024-02-29,West,Credit Card,2202.11,success
2225,361,2024-03-19,West,Loan,1886.352,success
2226,180,2024-01-27,West,Credit Card,2295.72,success
2227,433,2024-01-04,East,Loan,2340.11,success
2228,137,2024-02-17,East,Savings,2138.3,success
2229,45,2024-03-24,West,Loan,2078.192,success
2230,92,2024-02-11,South,Savings,1737.18,success
2231,178,2024-01-27,West,Loan,2016.2,success
2232,364,2024-03-16,South,Credit Card,903.1120000000001,success
2233,126,2024-03-25,North,Credit Card,1381.584,success
2234,473,2024-01-03,West,Savings,2497.22,success
2235,457,2024-02-10,North,Loan,2323.0,success
2236,481,2024-01-05,South,Savings,814.17,success
2237,285,2024-01-03,North,Loan,3021.03,success
2238,322,2024-02-28,East,Loan,2078.56,success
2239,46,2024-01-28,West,Savings,2088.09,success
2240,492,2024-02-27,West,Loan,1696.26,success
2241,51,2024-01-16,West,Loan,1797.82,success
2242,353,2024-02-26,East,Savings,2072.92,success
2243,221,2024-02-08,South,Credit Card,2292.65,success
2244,100,2024-03-30,East,Loan,1729.736,success
2245,56,2024-03-04,East,Credit Card,1733.64,success
2246,328,2024-03-18,North,Credit Card,1239.728,failed
2247,382,2024-01-24,South,Credit Card,1517.9,success
2248,68,2024-03-21,South,Loan,2032.0240000000003,failed
2249,167,2024-02-20,West,Savings,2471.39,failed
2250,295,2024-01-21,East,Savings,2243.65,success
2251,336,2024-02-26,East,Loan,2535.96,success
2252,226,2024-01-18,West,Savings,1937.41,success
2253,455,2024-02-12,East,Loan,2423.44,success
2254,464,2024-03-23,North,Savings,1816.36,success
2255,196,2024-01-11,North,Loan,2438.08,success
2256,147,2024-03-26,East,Loan,1176.624,failed
2257,225,2024-03-22,South,Loan,600.7760000000001,success
2258,21,2024-01-10,North,Savings,2131.03,success
2259,38,2024-02-06,North,Savings,1025.22,failed
2260,222,2024-02-22,East,Loan,1824.58,success
2261,195,2024-03-01,North,Savings,890.83,success
2262,231,2024-01-09,West,Savings,2627.7,success
2263,466,2024-02-04,South,Savings,2472.93,success
2264,203,2024-02-12,West,Loan,2175.19,success
2265,411,2024-02-24,South,Loan,1577.84,success
2266,27,2024-02-29,North,Savings,1109.42,success
2267,180,2024-03-09,West,Loan,884.77,success
2268,72,2024-02-11,East,Credit Card,1723.46,success
2269,264,2024-03-04,West,Savings,2347.93,success
2270,52,2024-01-20,South,Savings,1829.7,success
2271,490,2024-03-08,South,Savings,2250.07,success
2272,139,2024-01-11,South,Loan,2275.94,success
2273,112,2024-02-06,North,Savings,2340.12,success
2274,125,2024-03-09,East,Savings,1031.62,success
2275,419,2024-03-12,West,Loan,1619.32,success
2276,438,2024-01-22,East,Loan,2240.37,success
2277,300,2024-01-16,South,Loan,2748.36,success
2278,290,2024-01-03,North,Credit Card,2574.84,success
2279,109,2024-01-02,North,Loan,2148.29,success
2280,431,2024-01-03,North,Credit Card,2633.83,success
2281,340,2024-02-07,North,Savings,2144.36,success
2282,53,2024-03-20,West,Loan,979.392,success
2283,474,2024-02-27,East,Savings,2331.03,success
2284,11,2024-02-05,West,Loan,2594.3,success
2285,233,2024-03-02,West,Credit Card,2924.68,success
2286,414,2024-01-24,West,Credit Card,1709.99,success
2287,292,2024-01-16,East,Savings,1421.79,success
2288,453,2024-01-11,North,Credit Card,2425.04,failed
2289,346,2024-02-28,North,Loan,2208.84,success
2290,14,2024-01-16,West,Credit Card,2161.59,success
2291,327,2024-02-04,North,Savings,2641.91,success
2292,108,2024-02-22,North,Credit Card,2422.9,success
2293,357,2024-02-04,South,Loan,2257.03,success
2294,350,2024-01-04,East,Credit Card,1769.42,success
2295,264,2024-01-19,West,Credit Card,2378.28,success
2296,20,2024-01-13,East,Loan,1402.74,success
2297,227,2024-02-14,West,Credit Card,2142.9,success
2298,445,2024-03-29,East,Loan,1586.432,failed
2299,262,2024-02-24,West,Loan,1202.62,success
2300,133,2024-03-22,North,Savings,1768.28,success
2301,81,2024-03-19,East,Loan,1368.832,failed
2302,312,2024-02-25,East,Loan,2197.71,success
2303,177,2024-01-25,South,Credit Card,1521.22,success
2304,474,2024-03-05,East,Credit Card,2428.35,success
2305,485,2024-02-15,North,Loan,2838.69,success
2306,271,2024-02-02,North,Credit Card,915.16,failed
2307,483,2024-01-09,North,Credit Card,1402.91,success
2308,84,2024-02-15,East,Savings,1520.61,success
2309,142,2024-03-25,West,Loan,1059.0,success
2310,405,2024-02-17,South,Loan,1892.97,success
2311,90,2024-02-29,East,Credit Card,2189.7,success
2312,271,2024-01-04,North,Credit Card,2345.24,success
2313,92,2024-02-13,South,Savings,2132.81,failed
2314,75,2024-02-18,West,Credit Card,2328.88,success
2315,232,2024-03-30,East,Loan,1572.1840000000002,success
2316,95,2024-03-20,East,Credit Card,1364.352,success
2317,382,2024-02-16,South,Credit Card,1532.2,success
2318,352,2024-02-11,East,Credit Card,1911.04,success
2319,36,2024-03-29,East,Credit Card,1234.872,success
2320,19,2024-02-14,East,Loan,2174.17,success
2321,448,2024-01-18,South,Loan,1551.08,success
2322,379,2024-02-22,North,Savings,1756.15,success
2323,249,2024-01-23,North,Savings,2537.17,success
2324,74,2024-01-01,South,Loan,2590.06,success
2325,412,2024-02-27,West,Savings,2572.15,success
2326,217,2024-03-28,South,Credit Card,1578.7600000000002,failed
2327,86,2024-03-16,West,Loan,1379.6080000000002,success
2328,246,2024-01-17,West,Loan,2250.42,success
2329,1,2024-01-19,North,Savings,1560.76,failed
2330,198,2024-03-04,North,Credit Card,2371.23,success
2331,200,2024-03-18,West,Loan,1344.968,success
2332,365,2024-02-06,East,Loan,1890.57,success
2333,39,2024-03-11,North,Loan,2383.12,success
2334,459,2024-01-09,East,Savings,1089.46,success
2335,154,2024-01-12,North,Loan,1701.17,failed
2336,272,2024-02-14,North,Credit Card,2185.11,success
2337,1,2024-03-10,North,Savings,2292.16,success
2338,251,2024-03-18,East,Savings,1764.2240000000002,success
2339,13,2024-02-20,South,Savings,1884.47,success
2340,223,2024-03-02,East,Loan,2436.41,success
2341,133,2024-02-16,North,Savings,1516.92,success
2342,281,2024-01-07,East,Loan,1497.2,success
2343,275,2024-03-18,North,Savings,1744.064,success
2344,273,2024-03-14,East,Savings,1464.9,success
2345,27,2024-01-21,North,Loan,2859.52,success
2346,417,2024-02-08,North,Credit Card,2395.93,failed
2347,421,2024-03-20,East,Savings,1371.7440000000001,success
2348,127,2024-03-24,South,Loan,1940.9840000000002,failed
2349,118,2024-01-23,West,Credit Card,1385.41,failed
2350,293,2024-02-22,South,Credit Card,2726.06,success
2351,122,2024-02-20,West,Loan,2007.07,failed
2352,10,2024-03-18,North,Savings,1361.432,success
2353,492,2024-01-30,West,Credit Card,1850.41,success
2354,394,2024-01-28,North,Loan,1625.32,success
2355,405,2024-03-19,South,Savings,1511.384,failed
2356,272,2024-03-24,North,Loan,1129.2160000000001,success
2357,31,2024-03-15,West,Credit Card,2910.27,failed
2358,439,2024-01-21,South,Loan,1716.8,success
2359,373,2024-03-17,West,Savings,1932.6480000000001,success
2360,23,2024-03-30,North,Savings,1683.792,failed
2361,5,2024-02-28,East,Credit Card,1507.73,success
2362,254,2024-03-17,South,Credit Card,1524.696,success
2363,436,2024-01-13,East,Loan,2596.56,success
2364,6,2024-02-10,South,Savings,1770.17,success
2365,437,2024-03-24,North,Loan,1168.064,success
2366,295,2024-03-09,East,Savings,2272.89,failed
2367,440,2024-03-29,West,Savings,731.368,success
2368,11,2024-03-06,West,Credit Card,1861.23,success
2369,239,2024-03-13,North,Loan,2645.64,success
2370,260,2024-01-19,East,Loan,1892.02,success
2371,473,2024-03-02,West,Credit Card,2468.74,success
2372,477,2024-01-14,West,Savings,1453.93,success
2373,184,2024-02-02,West,Credit Card,1873.16,success
2374,206,2024-01-06,East,Credit Card,1827.42,success
2375,137,2024-01-08,East,Credit Card,2244.63,success
2376,395,2024-02-29,South,Credit Card,2033.92,success
2377,268,2024-02-19,North,Credit Card,990.04,failed
2378,103,2024-02-24,West,Credit Card,2720.97,success
2379,200,2024-03-21,West,Credit Card,1395.048,success
2380,331,2024-02-07,East,Credit Card,2027.93,success
2381,186,2024-02-05,West,Savings,1845.18,success
2382,367,2024-02-08,North,Loan,1991.69,success
2383,52,2024-03-29,South,Credit Card,1557.672,success
2384,353,2024-02-24,East,Savings,1556.34,success
2385,406,2024-02-10,East,Loan,2385.9,success
2386,167,2024-02-14,West,Loan,1666.41,success
2387,149,2024-03-28,North,Credit Card,1306.816,failed
2388,82,2024-02-14,North,Savings,1227.53,success
2389,485,2024-02-05,North,Savings,1730.35,success
2390,432,2024-01-16,South,Savings,1660.38,success
2391,242,2024-01-20,South,Savings,542.87,success
2392,192,2024-01-04,North,Savings,991.33,success
2393,202,2024-03-25,North,Savings,467.07200000000006,failed
2394,292,2024-02-11,East,Savings,1887.17,success
2395,486,2024-03-23,South,Savings,2155.608,success
2396,367,2024-01-23,North,Savings,1303.63,success
2397,193,2024-02-23,West,Loan,1982.72,success
2398,430,2024-02-09,South,Credit Card,1875.69,failed
2399,49,2024-03-16,North,Loan,1850.6480000000001,success
2400,269,2024-02-14,South,Loan,2351.72,success
2401,494,2024-03-13,West,Loan,3077.46,success
2402,27,2024-03-11,North,Savings,2123.04,success
2403,95,2024-02-28,East,Credit Card,1598.86,success
2404,117,2024-01-25,North,Credit Card,1717.21,success
2405,305,2024-03-28,West,Credit Card,1411.472,failed
2406,327,2024-01-18,North,Credit Card,1679.17,success
2407,99,2024-02-12,West,Credit Card,2832.68,success
2408,65,2024-03-25,South,Loan,1860.92,success
2409,416,2024-02-04,East,Savings,1184.33,failed
2410,23,2024-02-07,North,Credit Card,2240.13,success
2411,120,2024-03-29,South,Credit Card,1177.96,failed
2412,339,2024-02-22,South,Loan,2346.38,success
2413,18,2024-01-03,East,Credit Card,2552.92,success
2414,196,2024-01-14,North,Loan,1884.35,success
2415,90,2024-02-07,East,Loan,1711.79,failed
2416,470,2024-02-01,West,Loan,2735.52,success
2417,50,2024-03-12,East,Savings,1650.25,success
2418,430,2024-01-06,South,Savings,1601.93,success
2419,418,2024-02-28,North,Credit Card,1524.97,success
2420,311,2024-01-28,East,Credit Card,1958.64,success
2421,419,2024-01-08,West,Loan,2121.55,success
2422,398,2024-01-03,East,Credit Card,2475.65,success
2423,163,2024-03-22,East,Savings,1810.76,success
2424,402,2024-02-26,East,Loan,2255.08,success
2425,476,2024-02-17,North,Loan,2636.29,success
2426,232,2024-03-22,East,Savings,1202.856,failed
2427,212,2024-02-10,South,Savings,1277.4,success
2428,472,2024-02-02,North,Credit Card,2288.68,success
2429,233,2024-02-19,West,Credit Card,1935.67,success
2430,366,2024-02-13,West,Credit Card,2477.63,failed
2431,6,2024-03-28,South,Savings,1584.5040000000001,success
2432,464,2024-03-27,North,Credit Card,1356.656,failed
2433,396,2024-02-14,East,Credit Card,2296.27,success
2434,298,2024-01-28,South,Credit Card,2040.64,success
2435,49,2024-03-21,North,Savings,1584.8400000000001,success
2436,464,2024-01-15,North,Loan,3194.19,success
2437,211,2024-03-19,South,Loan,2073.704,success
2438,391,2024-03-11,North,Loan,2361.41,success
2439,281,2024-01-13,East,Savings,2055.9,success
2440,476,2024-03-01,North,Credit Card,2013.1,success
2441,202,2024-03-13,North,Loan,1848.22,success
2442,354,2024-03-20,South,Credit Card,1684.2400000000002,success
2443,198,2024-02-09,North,Credit Card,1755.76,success
2444,296,2024-02-16,West,Loan,1405.52,success
2445,282,2024-03-30,East,Savings,1580.048,success
2446,15,2024-02-02,South,Loan,2145.47,success
2447,484,2024-03-31,North,Loan,1983.1360000000002,failed
2448,24,2024-02-02,South,Credit Card,1604.56,success
2449,443,2024-01-13,South,Credit Card,2017.0,success
2450,222,2024-02-14,East,Loan,2259.44,failed
2451,186,2024-03-18,West,Loan,1798.3200000000002,success
2452,74,2024-01-30,South,Credit Card,2802.17,success
2453,447,2024-01-09,South,Credit Card,1857.45,success
2454,464,2024-01-27,North,Savings,1565.87,success
2455,187,2024-02-26,East,Credit Card,2048.91,success
2456,364,2024-03-22,South,Loan,1505.632,failed
2457,287,2024-03-05,West,Savings,1796.56,success
2458,94,2024-03-14,North,Loan,1732.62,success
2459,350,2024-03-25,East,Savings,1717.992,success
2460,22,2024-03-01,North,Credit Card,1667.29,success
2461,13,2024-03-04,South,Credit Card,2360.95,success
2462,300,2024-01-16,South,Loan,2335.97,success
2463,224,2024-03-30,East,Loan,1753.68,failed
2464,438,2024-01-09,East,Credit Card,1502.79,success
2465,271,2024-03-26,North,Savings,1699.816,success
2466,136,2024-02-29,North,Credit Card,2514.71,success
2467,83,2024-03-02,East,Loan,2398.35,success
2468,6,2024-02-05,South,Credit Card,2322.79,success
2469,306,2024-02-21,North,Credit Card,2009.69,success
2470,301,2024-02-16,North,Loan,1987.88,success
2471,250,2024-03-17,North,Loan,2080.984,success
2472,472,2024-03-04,North,Credit Card,2139.54,success
2473,325,2024-01-28,West,Savings,2145.78,success
2474,70,2024-02-07,South,Savings,3377.61,success
2475,431,2024-02-16,North,Credit Card,1847.19,success
2476,79,2024-02-11,South,Loan,954.85,success
2477,37,2024-03-27,West,Credit Card,1531.896,success
2478,50,2024-01-19,East,Credit Card,1942.68,success
2479,257,2024-03-28,West,Loan,1705.7040000000002,success
2480,203,2024-02-02,West,Credit Card,2243.09,success
2481,324,2024-03-27,East,Credit Card,820.248,success
2482,460,2024-03-02,North,Loan,2253.51,success
2483,228,2024-03-13,West,Credit Card,1971.3,success
2484,411,2024-03-21,South,Credit Card,1494.9040000000002,failed
2485,116,2024-01-05,South,Credit Card,1202.05,success
2486,42,2024-03-23,East,Savings,2170.92,success
2487,156,2024-01-03,South,Loan,1790.28,success
2488,53,2024-02-26,West,Loan,2329.73,success
2489,28,2024-03-28,North,Savings,1278.424,failed
2490,225,2024-01-10,South,Loan,2153.67,success
2491,321,2024-02-05,West,Credit Card,1876.12,success
2492,402,2024-01-29,East,Savings,2313.8,success
2493,497,2024-03-06,North,Credit Card,1860.25,success
2494,121,2024-03-27,North,Savings,1261.728,success
2495,221,2024-02-25,South,Credit Card,1992.95,failed
2496,155,2024-01-22,West,Savings,1968.68,failed
2497,109,2024-01-19,North,Savings,2120.62,success
2498,382,2024-02-08,South,Loan,2461.75,success
2499,111,2024-02-19,South,Credit Card,1474.69,failed
2500,350,2024-03-29,East,Loan,1947.512,success
2501,371,2024-03-06,South,Credit Card,1406.83,success
2502,188,2024-01-31,South,Savings,2293.93,success
2503,187,2024-01-26,East,Credit Card,2309.87,success
2504,474,2024-03-24,East,Savings,1412.6000000000001,success
2505,441,2024-01-23,East,Savings,1620.62,success
2506,232,2024-01-17,East,Savings,1596.81,success
2507,404,2024-03-18,South,Loan,1630.28,success
2508,485,2024-01-08,North,Credit Card,2342.79,success
2509,406,2024-01-24,East,Savings,1929.18,success
2510,76,2024-03-20,South,Savings,728.712,success
2511,271,2024-02-18,North,Credit Card,1735.27,success
2512,10,2024-02-10,North,Credit Card,1719.08,success
2513,149,2024-01-13,North,Loan,2239.68,success
2514,475,2024-02-16,North,Loan,2265.51,success
2515,413,2024-03-01,North,Credit Card,2074.44,success
2516,45,2024-03-21,West,Loan,1948.296,success
2517,461,2024-03-25,East,Credit Card,1979.528,failed
2518,147,2024-03-06,East,Loan,1762.1,success
2519,108,2024-01-31,North,Credit Card,1586.94,success
2520,119,2024-03-23,South,Savings,1569.6480000000001,success
2521,114,2024-02-23,South,Savings,1157.67,failed
2522,195,2024-02-17,North,Savings,2073.47,success
2523,108,2024-02-10,North,Credit Card,1738.93,success
2524,184,2024-02-28,West,Loan,3538.43,success
2525,420,2024-01-25,North,Loan,2680.06,success
2526,444,2024-03-11,West,Credit Card,1696.0,success
2527,120,2024-02-25,South,Credit Card,1492.76,success
2528,278,2024-02-16,North,Credit Card,1659.31,success
2529,92,2024-01-06,South,Savings,2483.91,success
2530,23,2024-03-16,North,Credit Card,1997.512,success
2531,465,2024-03-26,South,Loan,2149.568,failed
2532,135,2024-01-30,East,Credit Card,1573.81,success
2533,172,2024-03-24,North,Loan,1790.144,failed
2534,495,2024-02-05,East,Credit Card,1614.11,failed
2535,86,2024-02-26,West,Savings,2804.76,success
2536,135,2024-01-23,East,Credit Card,1588.96,success
2537,29,2024-03-01,North,Credit Card,1390.36,success
2538,499,2024-01-18,South,Savings,1467.89,success
2539,347,2024-01-08,West,Credit Card,1995.08,success
2540,429,2024-02-13,West,Savings,2335.46,success
2541,267,2024-03-01,South,Savings,2301.9,success
2542,147,2024-03-15,East,Loan,1486.3,success
2543,269,2024-03-17,South,Savings,1450.696,success
2544,182,2024-01-11,South,Loan,1751.73,success
2545,450,2024-03-17,West,Credit Card,1138.6000000000001,success
2546,70,2024-02-05,South,Credit Card,1740.87,success
2547,69,2024-01-25,North,Credit Card,2662.64,failed
2548,162,2024-03-23,North,Savings,1091.232,success
2549,116,2024-01-11,South,Savings,2105.7,success
2550,157,2024-01-13,North,Loan,2675.56,success
2551,113,2024-02-14,East,Credit Card,2646.37,success
2552,290,2024-01-01,North,Credit Card,2831.87,success
2553,337,2024-01-13,West,Credit Card,2152.62,success
2554,334,2024-03-01,East,Savings,2223.7,success
2555,62,2024-03-29,South,Credit Card,1399.5040000000001,success
2556,41,2024-03-10,East,Credit Card,1354.72,success
2557,119,2024-01-01,South,Savings,1928.37,success
2558,22,2024-02-23,North,Savings,2548.27,success
2559,195,2024-01-04,North,Credit Card,904.37,success
2560,379,2024-01-02,North,Loan,1770.12,success
2561,263,2024-03-20,North,Loan,1817.36,success
2562,237,2024-01-17,West,Credit Card,2001.57,failed
2563,416,2024-02-19,East,Loan,2615.0,success
2564,411,2024-02-09,South,Loan,2491.34,success
2565,228,2024-02-09,West,Loan,1299.96,failed
2566,170,2024-02-15,East,Credit Card,2041.42,success
2567,397,2024-03-10,South,Savings,1635.91,success
2568,189,2024-03-22,South,Savings,1304.088,failed
2569,137,2024-02-06,East,Credit Card,1332.69,success
2570,67,2024-03-20,West,Loan,1696.08,success
2571,127,2024-03-30,South,Savings,2101.2560000000003,failed
2572,344,2024-01-29,West,Credit Card,2163.43,success
2573,47,2024-02-12,South,Credit Card,1305.35,success
2574,223,2024-02-02,East,Credit Card,1974.24,success
2575,375,2024-01-10,North,Loan,2251.55,success
2576,7,2024-03-17,North,Loan,1550.664,success
2577,432,2024-01-30,South,Credit Card,2154.52,success
2578,159,2024-02-23,West,Loan,1672.16,success
2579,47,2024-03-09,South,Savings,1882.14,success
2580,56,2024-01-28,East,Credit Card,1852.77,success
2581,446,2024-01-18,West,Loan,2726.38,success
2582,61,2024-02-28,East,Savings,1495.78,success
2583,139,2024-03-31,South,Savings,765.64,success
2584,301,2024-01-23,North,Savings,2689.23,success
2585,314,2024-03-30,North,Savings,1646.328,success
2586,254,2024-03-10,South,Loan,1401.02,success
2587,117,2024-03-02,North,Savings,2443.54,failed
2588,50,2024-01-26,East,Loan,2282.42,success
2589,127,2024-01-16,South,Savings,2817.9,success
2590,84,2024-02-13,East,Loan,2096.3,success
2591,299,2024-01-25,East,Loan,3196.05,success
2592,372,2024-01-30,East,Credit Card,1942.6,success
2593,410,2024-01-17,West,Credit Card,2283.39,success
2594,247,2024-03-24,East,Loan,1884.5680000000002,success
2595,308,2024-02-12,South,Credit Card,3556.46,success
2596,435,2024-01-12,West,Savings,1788.12,success
2597,86,2024-01-28,West,Loan,1773.29,success
2598,86,2024-01-31,West,Savings,2366.41,success
2599,2,2024-03-26,South,Savings,1090.304,failed
2600,72,2024-01-30,East,Savings,1632.88,success
2601,223,2024-03-13,East,Credit Card,1929.24,failed
2602,118,2024-03-08,West,Savings,2799.16,success
2603,235,2024-01-29,North,Savings,2366.77,success
2604,301,2024-01-05,North,Loan,2038.3,failed
2605,222,2024-02-24,East,Savings,1744.12,failed
2606,182,2024-03-14,South,Credit Card,947.63,failed
2607,272,2024-02-06,North,Savings,3021.09,success
2608,391,2024-01-28,North,Savings,1971.05,success
2609,59,2024-02-24,West,Credit Card,1632.44,success
2610,495,2024-02-13,East,Savings,3138.54,success
2611,475,2024-02-01,North,Savings,1382.74,success
2612,374,2024-02-22,North,Savings,2644.04,success
2613,18,2024-02-25,East,Savings,2007.25,success
2614,202,2024-01-01,North,Savings,2365.5,failed
2615,237,2024-01-28,West,Loan,2269.22,success
2616,357,2024-01-28,South,Loan,2357.87,success
2617,487,2024-02-13,North,Loan,3197.18,success
2618,204,2024-02-07,North,Credit Card,3092.55,success
2619,464,2024-01-19,North,Loan,1656.64,success
2620,19,2024-03-24,East,Savings,1799.6400000000003,success
2621,254,2024-02-10,South,Savings,1153.86,success
2622,390,2024-03-21,East,Loan,1931.2240000000002,failed
2623,122,2024-03-25,West,Savings,2028.432,success
2624,336,2024-03-01,East,Savings,962.76,success
2625,377,2024-01-14,South,Savings,1988.98,success
2626,98,2024-01-15,West,Savings,2364.53,success
2627,308,2024-01-12,South,Loan,2175.58,success
2628,352,2024-03-18,East,Savings,1113.3680000000002,success
2629,336,2024-01-24,East,Credit Card,1439.23,failed
2630,144,2024-01-23,South,Loan,1930.74,success
2631,97,2024-02-06,South,Loan,1788.05,success
2632,176,2024-02-27,South,Loan,1832.38,success
2633,456,2024-02-12,North,Credit Card,1329.47,failed
2634,495,2024-02-28,East,Loan,2015.7,failed
2635,293,2024-01-08,South,Credit Card,2803.79,success
2636,129,2024-01-04,North,Savings,1410.54,failed
2637,34,2024-02-19,East,Credit Card,1890.17,success
2638,44,2024-01-22,West,Savings,2304.76,success
2639,221,2024-01-03,South,Savings,1222.31,failed
2640,287,2024-02-24,West,Loan,2020.64,success
2641,459,2024-01-17,East,Loan,2518.58,success
2642,263,2024-02-11,North,Savings,1503.21,success
2643,209,2024-03-15,East,Savings,2067.96,success
2644,267,2024-03-24,South,Credit Card,1982.5200000000002,failed
2645,105,2024-03-02,North,Credit Card,3162.34,success
2646,120,2024-03-12,South,Loan,2042.26,success
2647,391,2024-03-27,North,Savings,1314.5680000000002,failed
2648,180,2024-01-09,West,Savings,1089.62,failed
2649,159,2024-01-24,West,Loan,1647.11,success
2650,496,2024-02-10,North,Savings,1304.02,success
2651,318,2024-01-19,East,Credit Card,2852.05,success
2652,54,2024-03-29,West,Credit Card,1955.664,failed
2653,421,2024-03-20,East,Loan,1151.296,success
2654,394,2024-01-14,North,Loan,1616.57,failed
2655,315,2024-02-09,East,Savings,2034.04,success
2656,324,2024-01-08,East,Credit Card,2514.38,success
2657,291,2024-03-21,East,Loan,1800.6720000000003,failed
2658,39,2024-03-17,North,Loan,1760.096,success
2659,156,2024-02-08,South,Credit Card,2100.83,success
2660,47,2024-01-18,South,Loan,1463.16,success
2661,370,2024-01-31,East,Loan,2040.54,success
2662,203,2024-03-21,West,Loan,1584.04,failed
2663,213,2024-03-31,South,Credit Card,1038.304,success
2664,88,2024-02-28,East,Savings,2836.68,success
2665,192,2024-03-25,North,Loan,1364.2160000000001,success
2666,419,2024-02-15,West,Loan,1309.7,failed
2667,120,2024-02-07,South,Loan,1781.92,success
2668,444,2024-02-09,West,Loan,1871.19,success
2669,293,2024-02-28,South,Credit Card,1965.18,success
2670,70,2024-02-08,South,Savings,1863.14,success
2671,114,2024-01-13,South,Credit Card,1992.86,success
2672,151,2024-01-21,North,Loan,2074.8,success
2673,95,2024-03-04,East,Credit Card,2048.91,success
2674,289,2024-03-10,East,Credit Card,2196.32,success
2675,402,2024-02-16,East,Credit Card,2226.79,success
2676,464,2024-03-14,North,Savings,2239.75,failed
2677,386,2024-03-20,West,Credit Card,1891.576,success
2678,273,2024-02-24,East,Savings,1653.82,success
2679,161,2024-03-31,North,Loan,1336.384,success
2680,362,2024-01-28,North,Credit Card,2516.94,success
2681,17,2024-03-27,South,Loan,1437.016,failed
2682,320,2024-03-11,North,Credit Card,1937.86,success
2683,203,2024-03-12,West,Savings,1894.31,success
2684,467,2024-03-17,North,Loan,2510.328,success
2685,269,2024-01-06,South,Credit Card,1573.89,success
2686,33,2024-03-04,South,Credit Card,1565.36,success
2687,186,2024-01-28,West,Savings,1994.57,success
2688,366,2024-01-21,West,Credit Card,1907.93,success
2689,491,2024-01-07,North,Credit Card,1434.91,success
2690,127,2024-02-25,South,Credit Card,1954.02,success
2691,194,2024-03-14,North,Savings,2008.01,success
2692,231,2024-02-16,West,Credit Card,1748.22,success
2693,463,2024-01-03,North,Savings,1924.69,failed
2694,159,2024-01-20,West,Savings,1616.94,success
2695,438,2024-02-21,East,Credit Card,1435.97,success
2696,269,2024-02-20,South,Savings,1792.69,success
2697,485,2024-01-13,North,Credit Card,1502.41,success
2698,28,2024-03-15,North,Loan,1349.21,success
2699,182,2024-01-25,South,Credit Card,1073.49,success
2700,438,2024-02-28,East,Savings,2109.33,failed
2701,213,2024-03-13,South,Credit Card,1776.84,success
2702,123,2024-01-23,East,Savings,2520.22,success
2703,484,2024-02-26,North,Loan,1022.48,failed
2704,186,2024-02-18,West,Credit Card,1815.53,success
2705,473,2024-02-26,West,Credit Card,2106.9,success
2706,257,2024-01-15,West,Credit Card,1682.3,success
2707,416,2024-02-27,East,Credit Card,1979.35,success
2708,327,2024-01-08,North,Savings,1076.71,success
2709,312,2024-02-04,East,Loan,1785.67,success
2710,43,2024-02-15,West,Loan,1576.78,success
2711,456,2024-03-12,North,Credit Card,2462.84,success
2712,379,2024-02-10,North,Credit Card,2074.73,success
2713,368,2024-02-28,West,Credit Card,2385.38,success
2714,81,2024-01-03,East,Credit Card,2579.92,success
2715,42,2024-01-16,East,Credit Card,1747.02,success
2716,261,2024-01-27,South,Credit Card,2053.58,failed
2717,174,2024-03-18,North,Loan,1168.592,success
2718,490,2024-01-26,South,Savings,2180.2,success
2719,405,2024-03-03,South,Loan,2252.14,success
2720,497,2024-01-30,North,Credit Card,2145.48,success
2721,289,2024-02-14,East,Loan,1746.5,success
2722,209,2024-03-19,East,Savings,2313.912,success
2723,68,2024-02-01,South,Loan,2006.73,success
2724,79,2024-02-10,South,Savings,3467.83,success
2725,239,2024-01-24,North,Loan,1463.34,success
2726,259,2024-02-03,North,Loan,2300.11,success
2727,41,2024-01-28,East,Savings,2478.97,success
2728,448,2024-03-28,South,Credit Card,1177.584,success
2729,116,2024-01-15,South,Savings,1871.53,success
2730,368,2024-01-27,West,Credit Card,1301.1,failed
2731,12,2024-01-17,East,Credit Card,2601.29,success
2732,487,2024-03-21,North,Loan,1559.2,failed
2733,484,2024-01-18,North,Loan,1578.78,success
2734,33,2024-01-30,South,Credit Card,2486.03,success
2735,307,2024-01-24,West,Credit Card,1993.35,success
2736,171,2024-03-06,East,Loan,2409.69,success
2737,112,2024-01-22,North,Loan,2211.94,success
2738,356,2024-03-09,East,Loan,1517.11,success
2739,371,2024-03-20,South,Credit Card,1384.5680000000002,success
2740,346,2024-01-31,North,Credit Card,1591.16,success
2741,366,2024-03-31,West,Loan,1146.464,success
2742,322,2024-03-25,East,Loan,949.2,success
2743,190,2024-02-16,North,Loan,3011.3,success
2744,394,2024-01-04,North,Savings,2136.21,success
2745,217,2024-02-28,South,Credit Card,2208.73,success
2746,466,2024-01-18,South,Credit Card,2546.05,success
2747,437,2024-03-05,North,Loan,1726.05,success
2748,282,2024-01-01,East,Loan,1332.07,success
2749,149,2024-03-18,North,Credit Card,1889.6560000000002,success
2750,297,2024-01-11,South,Loan,1400.14,success
2751,301,2024-01-04,North,Credit Card,2349.46,success
2752,426,2024-03-18,North,Savings,1011.808,success
2753,425,2024-01-29,South,Loan,1368.62,success
2754,289,2024-03-24,East,Savings,1343.5680000000002,success
2755,187,2024-03-26,East,Savings,1863.6240000000003,failed
2756,282,2024-03-16,East,Loan,2247.512,success
2757,64,2024-02-10,West,Credit Card,2207.91,success
2758,75,2024-01-07,West,Loan,1697.42,success
2759,87,2024-02-26,East,Loan,2455.21,success
2760,214,2024-03-06,North,Loan,1251.92,success
2761,40,2024-01-13,West,Loan,1540.89,success
2762,146,2024-01-03,South,Credit Card,2039.79,success
2763,63,2024-01-01,West,Credit Card,2379.41,failed
2764,469,2024-02-05,East,Loan,1895.67,success
2765,471,2024-03-02,East,Loan,1843.67,success
2766,158,2024-03-27,West,Loan,1497.08,success
2767,384,2024-02-20,North,Loan,2541.06,success
2768,74,2024-01-09,South,Loan,1620.51,success
2769,440,2024-01-14,West,Loan,1510.63,success
2770,230,2024-01-17,North,Credit Card,1863.79,success
2771,400,2024-01-07,East,Credit Card,2616.86,success
2772,377,2024-03-23,South,Savings,1337.3280000000002,failed
2773,220,2024-01-16,East,Savings,1869.85,success
2774,153,2024-02-25,West,Credit Card,1244.98,failed
2775,377,2024-01-26,South,Loan,1889.73,success
2776,161,2024-01-18,North,Savings,2111.64,failed
2777,14,2024-01-07,West,Credit Card,1400.8,success
2778,101,2024-01-20,South,Loan,2542.1,success
2779,0,2024-01-01,South,Loan,2105.15,failed
2780,336,2024-03-30,East,Credit Card,1392.896,failed
2781,166,2024-02-20,East,Loan,2108.9,success
2782,437,2024-03-22,North,Credit Card,1790.232,success
2783,8,2024-03-03,West,Savings,1126.55,success
2784,143,2024-01-08,East,Loan,2128.09,failed
2785,161,2024-03-28,North,Credit Card,2077.328,success
2786,342,2024-02-29,South,Credit Card,1614.13,success
2787,477,2024-01-23,West,Loan,1751.02,success
2788,472,2024-03-17,North,Credit Card,1461.1280000000002,success
2789,346,2024-02-07,North,Credit Card,2385.4,success
2790,62,2024-03-12,South,Savings,1473.08,success
2791,54,2024-01-11,West,Credit Card,2213.91,success
2792,313,2024-03-09,East,Loan,1835.26,failed
2793,1,2024-02-28,North,Loan,2837.43,success
2794,388,2024-02-11,South,Loan,1862.6,success
2795,8,2024-01-16,West,Credit Card,899.38,success
2796,328,2024-03-22,North,Loan,1845.512,failed
2797,68,2024-02-16,South,Loan,2187.73,success
2798,43,2024-03-17,West,Loan,1667.0320000000002,success
2799,32,2024-01-11,South,Savings,2581.13,success
2800,440,2024-03-07,West,Loan,1183.99,success
2801,105,2024-01-06,North,Savings,1547.53,success
2802,14,2024-01-12,West,Loan,1976.87,success
2803,359,2024-01-02,East,Credit Card,2057.05,success
2804,411,2024-02-18,South,Loan,1904.88,success
2805,477,2024-02-22,West,Loan,1251.28,success
2806,379,2024-02-27,North,Loan,1755.56,success
2807,426,2024-01-12,North,Loan,2794.47,success
2808,266,2024-02-05,West,Savings,1451.89,success
2809,299,2024-01-10,East,Savings,1966.06,failed
2810,450,2024-03-19,West,Credit Card,1772.6560000000002,success
2811,391,2024-01-20,North,Savings,2369.84,success
2812,165,2024-01-15,South,Credit Card,2304.37,success
2813,35,2024-01-16,South,Loan,1721.43,success
2814,188,2024-01-28,South,Credit Card,1545.62,failed
2815,392,2024-02-12,South,Loan,2842.26,success
2816,397,2024-03-22,South,Credit Card,1936.92,failed
2817,352,2024-01-03,East,Savings,2011.6,success
2818,430,2024-01-26,South,Credit Card,2675.51,success
2819,316,2024-01-29,West,Loan,1243.74,failed
2820,36,2024-03-30,East,Loan,1067.72,success
2821,1,2024-02-21,North,Loan,911.02,success
2822,208,2024-01-17,East,Loan,2051.43,success
2823,251,2024-02-10,East,Credit Card,2074.67,success
2824,158,2024-01-05,West,Loan,1294.47,failed
2825,426,2024-03-07,North,Loan,2401.58,success
2826,100,2024-01-11,East,Savings,1053.62,success
2827,310,2024-03-02,North,Loan,2155.75,success
2828,59,2024-03-23,West,Credit Card,1813.744,success
2829,176,2024-03-05,South,Loan,2045.55,success
2830,77,2024-01-05,East,Savings,1234.23,success
2831,394,2024-03-04,North,Savings,2575.13,success
2832,223,2024-01-16,East,Savings,1736.73,success
2833,289,2024-02-26,East,Savings,1738.21,success
2834,291,2024-03-24,East,Credit Card,1316.2240000000002,success
2835,362,2024-03-08,North,Loan,2322.3,success
2836,228,2024-02-23,West,Savings,1714.84,success
2837,332,2024-03-08,South,Loan,1410.45,success
2838,147,2024-01-17,East,Savings,2462.99,failed
2839,101,2024-01-02,South,Savings,1954.46,success
2840,412,2024-03-30,West,Credit Card,1985.56,failed
2841,27,2024-03-09,North,Savings,1989.95,success
2842,115,2024-03-03,West,Savings,1614.4,success
2843,294,2024-01-08,South,Loan,1113.02,success
2844,252,2024-02-13,West,Loan,2053.53,success
2845,203,2024-03-28,West,Loan,1461.9440000000002,success
2846,190,2024-03-04,North,Savings,2343.97,success
2847,362,2024-01-25,North,Credit Card,1693.51,success
2848,60,2024-01-10,East,Savings,2170.91,success
2849,146,2024-02-16,South,Savings,1969.98,success
2850,428,2024-02-10,South,Credit Card,1574.69,success
2851,472,2024-01-15,North,Savings,1729.5,failed
2852,35,2024-03-30,South,Loan,1060.088,failed
2853,311,2024-02-21,East,Loan,2884.08,success
2854,35,2024-02-27,South,Credit Card,2159.98,success
2855,141,2024-02-17,South,Loan,1296.53,success
2856,303,2024-01-07,West,Savings,2852.3,success
2857,193,2024-01-03,West,Savings,1445.94,success
2858,38,2024-03-13,North,Loan,1685.67,success
2859,477,2024-01-17,West,Loan,1861.24,success
2860,251,2024-03-19,East,Loan,1585.3680000000002,success
2861,341,2024-02-05,South,Savings,2329.82,success
2862,184,2024-02-18,West,Savings,1016.34,success
2863,201,2024-01-09,West,Savings,1989.38,success
2864,306,2024-02-17,North,Credit Card,1836.66,success
2865,388,2024-01-01,South,Loan,2062.38,success
2866,398,2024-02-19,East,Credit Card,1813.32,success
2867,253,2024-01-13,South,Credit Card,1749.9,success
2868,463,2024-02-01,North,Credit Card,1915.07,success
2869,494,2024-03-27,West,Credit Card,2254.696,success
2870,347,2024-01-25,West,Credit Card,1758.84,success
2871,189,2024-01-20,South,Credit Card,2549.49,success
2872,6,2024-01-07,South,Savings,2041.39,success
2873,358,2024-03-22,West,Credit Card,1614.7120000000002,success
2874,299,2024-01-21,East,Credit Card,2067.08,success
2875,61,2024-01-30,East,Credit Card,2214.17,success
2876,157,2024-02-20,North,Savings,1794.49,success
2877,55,2024-01-27,East,Savings,2510.81,success
2878,489,2024-01-25,West,Loan,2215.43,success
2879,51,2024-01-17,West,Savings,1362.16,success
2880,78,2024-03-17,West,Loan,722.248,success
2881,47,2024-01-25,South,Savings,2799.74,success
2882,24,2024-03-19,South,Credit Card,1666.1599999999999,failed
2883,237,2024-03-17,West,Loan,1047.192,success
2884,117,2024-02-19,North,Loan,1758.19,success
2885,86,2024-01-05,West,Loan,2420.89,success
2886,427,2024-03-27,South,Credit Card,1509.16,failed
2887,233,2024-03-10,West,Loan,1929.12,success
2888,150,2024-03-15,West,Loan,2318.8,success
2889,61,2024-01-09,East,Loan,2129.38,success
2890,239,2024-03-25,North,Savings,1801.832,success
2891,242,2024-02-14,South,Credit Card,2313.27,success
2892,317,2024-03-04,West,Credit Card,1627.03,success
2893,152,2024-03-10,West,Loan,1669.23,success
2894,52,2024-03-17,South,Savings,1257.464,success
2895,62,2024-01-04,South,Savings,1694.18,success
2896,174,2024-02-22,North,Savings,1910.37,success
2897,436,2024-03-19,East,Credit Card,1556.0,success
2898,466,2024-03-12,South,Loan,2657.75,failed
2899,183,2024-02-11,North,Credit Card,2105.25,success
2900,137,2024-02-01,East,Credit Card,1919.79,success
2901,292,2024-03-03,East,Savings,3250.45,failed
2902,146,2024-01-24,South,Savings,1472.18,success
2903,453,2024-02-14,North,Savings,1823.16,success
2904,69,2024-03-17,North,Savings,2275.672,success
2905,126,2024-02-17,North,Loan,2834.96,success
2906,488,2024-03-31,West,Credit Card,1453.9040000000002,success
2907,274,2024-01-30,North,Savings,1164.42,success
2908,67,2024-02-10,West,Loan,1754.02,success
2909,357,2024-01-05,South,Savings,2664.03,success
2910,108,2024-01-29,North,Savings,1913.69,success
2911,486,2024-02-02,South,Loan,2319.34,success
2912,186,2024-01-23,West,Loan,1968.21,success
2913,87,2024-01-10,East,Loan,1274.54,success
2914,66,2024-02-06,West,Savings,1985.39,success
2915,88,2024-03-28,East,Loan,1910.048,success
2916,146,2024-02-07,South,Savings,1687.74,success
2917,38,2024-01-23,North,Credit Card,2373.49,failed
2918,182,2024-02-03,South,Credit Card,2015.75,success
2919,162,2024-03-10,North,Savings,2345.04,success
2920,381,2024-01-26,West,Loan,2136.56,success
2921,68,2024-02-18,South,Savings,1500.89,success
2922,488,2024-02-17,West,Credit Card,1827.97,success
2923,294,2024-02-03,South,Savings,1812.73,success
2924,291,2024-01-14,East,Savings,1665.93,success
2925,353,2024-01-20,East,Credit Card,2096.69,success
2926,120,2024-01-09,South,Savings,2950.13,success
2927,372,2024-02-13,East,Savings,2511.53,success
2928,199,2024-02-07,West,Credit Card,2583.75,success
2929,381,2024-03-21,West,Credit Card,1310.4160000000002,success
2930,149,2024-02-13,North,Credit Card,2593.07,success
2931,46,2024-03-29,West,Credit Card,2216.128,success
2932,379,2024-03-04,North,Loan,1623.07,success
2933,413,2024-01-22,North,Loan,2191.33,success
2934,483,2024-03-27,North,Loan,1763.7759999999998,success
2935,323,2024-03-15,East,Loan,1861.66,success
2936,383,2024-03-14,West,Savings,2056.7,success
2937,279,2024-03-30,North,Savings,1783.6000000000001,success
2938,293,2024-02-26,South,Savings,1893.06,success
2939,258,2024-02-10,South,Credit Card,2485.16,failed
2940,317,2024-02-26,West,Credit Card,1364.52,success
2941,438,2024-02-06,East,Credit Card,1810.71,failed
2942,65,2024-01-21,South,Loan,2329.77,failed
2943,60,2024-03-05,East,Credit Card,2883.26,success
2944,359,2024-03-03,East,Credit Card,2519.3,success
2945,420,2024-02-04,North,Loan,2046.58,success
2946,82,2024-01-31,North,Loan,1915.81,success
2947,307,2024-03-01,West,Credit Card,1836.99,failed
2948,325,2024-03-09,West,Loan,1839.81,success
2949,498,2024-02-22,North,Loan,1110.3,success
2950,348,2024-01-28,East,Loan,2857.95,success
2951,156,2024-02-05,South,Savings,1951.24,success
2952,167,2024-03-03,West,Loan,1594.55,failed
2953,99,2024-01-06,West,Savings,2183.41,success
2954,485,2024-02-28,North,Loan,1629.75,failed
2955,410,2024-01-22,West,Credit Card,2432.41,success
2956,41,2024-01-14,East,Loan,1608.7,success
2957,112,2024-02-19,North,Credit Card,2353.52,success
2958,423,2024-02-29,West,Credit Card,1830.12,failed
2959,57,2024-03-14,West,Loan,2115.8,success
2960,212,2024-01-08,South,Loan,2393.2,success
2961,192,2024-03-12,North,Loan,1720.23,success
2962,54,2024-02-19,West,Credit Card,2380.25,success
2963,249,2024-01-15,North,Savings,1128.53,success
2964,67,2024-03-26,West,Savings,2179.1200000000003,failed
2965,245,2024-03-03,South,Credit Card,2469.32,success
2966,138,2024-03-29,South,Savings,1547.632,success
2967,284,2024-03-12,West,Credit Card,2564.12,success
2968,458,2024-01-28,South,Credit Card,2505.14,success
2969,233,2024-03-31,West,Loan,1582.256,failed
2970,133,2024-03-31,North,Loan,1578.088,failed
2971,134,2024-01-23,South,Credit Card,1538.79,success
2972,119,2024-01-10,South,Savings,2003.68,success
2973,124,2024-02-27,East,Credit Card,1260.73,success
2974,59,2024-02-26,West,Loan,2346.96,success
2975,353,2024-02-27,East,Credit Card,2358.29,failed
2976,393,2024-03-31,East,Savings,907.896,success
2977,14,2024-02-20,West,Loan,2666.94,success
2978,458,2024-03-02,South,Loan,1679.44,success
2979,189,2024-03-16,South,Savings,2729.7360000000003,success
2980,474,2024-01-06,East,Credit Card,2089.81,success
2981,165,2024-02-12,South,Savings,2672.57,success
2982,216,2024-01-09,East,Loan,1524.41,success
2983,193,2024-01-23,West,Credit Card,1829.09,success
2984,26,2024-03-18,East,Savings,1374.3200000000002,success
2985,249,2024-02-05,North,Loan,1252.98,success
2986,292,2024-03-16,East,Savings,1092.7440000000001,success
2987,79,2024-01-05,South,Loan,1915.87,success
2988,69,2024-02-14,North,Savings,2165.82,success
2989,185,2024-01-31,West,Loan,1476.42,success
2990,292,2024-01-13,East,Credit Card,1800.05,success
2991,384,2024-02-23,North,Savings,1627.42,failed
2992,319,2024-03-23,West,Savings,1558.016,success
2993,55,2024-02-04,East,Loan,2306.4,success
2994,459,2024-01-13,East,Savings,2029.19,success
2995,231,2024-02-24,West,Savings,1698.07,success
2996,19,2024-01-23,East,Savings,2486.86,success
2997,419,2024-03-21,West,Loan,1719.5200000000002,success
2998,286,2024-02-21,East,Savings,2043.51,success
2999,419,2024-02-28,West,Loan,1481.93,success
3000,354,2024-01-03,South,Savings,2428.37,success
3001,308,2024-02-01,South,Savings,2199.02,success
3002,282,2024-02-07,East,Savings,2225.25,success
3003,264,2024-02-12,West,Loan,1869.12,success
3004,472,2024-01-04,North,Savings,1783.06,success
3005,87,2024-01-23,East,Savings,2861.08,success
3006,339,2024-01-03,South,Loan,1776.02,success
3007,256,2024-03-02,South,Loan,1392.6,success
3008,26,2024-02-29,East,Savings,2067.93,success
3009,93,2024-02-14,North,Loan,1973.75,success
3010,314,2024-01-02,North,Loan,2511.42,success
3011,401,2024-02-20,East,Loan,1904.78,success
3012,231,2024-03-19,West,Credit Card,1831.736,success
3013,212,2024-02-23,South,Loan,2706.01,success
3014,303,2024-01-01,West,Loan,2169.18,success
3015,317,2024-03-05,West,Savings,1503.71,success
3016,482,2024-01-12,East,Savings,1115.47,failed
3017,36,2024-02-05,East,Savings,2183.37,success
3018,158,2024-03-20,West,Loan,1446.448,success
3019,371,2024-01-15,South,Credit Card,2101.14,success
3020,87,2024-03-25,East,Savings,1581.896,success
3021,204,2024-02-07,North,Credit Card,1383.45,success
3022,155,2024-01-13,West,Credit Card,1902.11,success
3023,103,2024-02-22,West,Loan,1478.86,success
3024,411,2024-02-28,South,Credit Card,1740.67,success
3025,319,2024-03-14,West,Savings,2426.6,success
3026,124,2024-01-23,East,Loan,2014.72,success
3027,304,2024-01-15,East,Loan,2258.32,success
3028,241,2024-02-02,North,Credit Card,2053.6,success
3029,74,2024-03-19,South,Loan,1472.464,failed
3030,400,2024-02-25,East,Credit Card,2102.54,success
3031,213,2024-03-29,South,Savings,950.648,failed
3032,37,2024-02-05,West,Loan,2348.79,success
3033,103,2024-03-01,West,Savings,1581.95,success
3034,87,2024-03-18,East,Savings,1780.8240000000003,failed
3035,488,2024-03-17,West,Loan,1457.6080000000002,success
3036,283,2024-01-29,South,Loan,1383.73,success
3037,35,2024-03-27,South,Credit Card,1326.2,success
3038,428,2024-03-08,South,Credit Card,2228.66,failed
3039,50,2024-01-06,East,Credit Card,3049.11,success
3040,402,2024-03-19,East,Savings,1557.208,success
3041,383,2024-03-13,West,Credit Card,2971.12,success
3042,153,2024-01-15,West,Savings,1187.23,success
3043,370,2024-02-11,East,Savings,746.71,failed
3044,47,2024-03-20,South,Credit Card,1486.064,success
3045,347,2024-01-30,West,Credit Card,1946.9,success
3046,60,2024-03-10,East,Savings,2255.06,failed
3047,224,2024-01-03,East,Loan,1675.32,failed
3048,355,2024-01-04,South,Credit Card,2147.62,success
3049,117,2024-01-31,North,Loan,1880.88,success
3050,44,2024-02-07,West,Loan,2588.59,success
3051,225,2024-02-03,South,Credit Card,2068.37,success
3052,74,2024-03-09,South,Loan,3351.51,success
3053,468,2024-02-01,West,Savings,1884.67,failed
3054,439,2024-03-18,South,Savings,2041.2880000000002,success
3055,411,2024-03-12,South,Loan,2720.97,success
3056,332,2024-03-15,South,Loan,782.34,success
3057,53,2024-03-24,West,Credit Card,1873.664,success
3058,494,2024-02-16,West,Credit Card,1375.09,failed
3059,399,2024-03-13,South,Credit Card,1867.38,success
3060,365,2024-03-08,East,Loan,1442.59,success
3061,342,2024-01-15,South,Loan,2598.46,failed
3062,323,2024-02-20,East,Loan,1701.55,success
3063,98,2024-01-26,West,Savings,1162.77,success
3064,206,2024-03-03,East,Loan,2080.29,success
3065,298,2024-01-09,South,Loan,2681.07,success
3066,304,2024-02-08,East,Savings,1448.41,success
3067,396,2024-03-03,East,Savings,2410.28,success
3068,438,2024-02-08,East,Savings,1047.66,success
3069,42,2024-03-18,East,Loan,2177.768,success
3070,324,2024-02-26,East,Credit Card,2179.17,success
3071,48,2024-03-23,West,Credit Card,1121.376,success
3072,451,2024-02-15,North,Credit Card,2360.5,success
3073,83,2024-01-19,East,Savings,1727.41,success
3074,298,2024-01-26,South,Savings,1539.27,success
3075,325,2024-01-20,West,Savings,1717.3,success
3076,371,2024-02-24,South,Savings,2306.17,success
3077,340,2024-01-06,North,Loan,1510.71,success
3078,304,2024-03-24,East,Loan,710.5680000000001,success
3079,95,2024-03-05,East,Savings,1740.97,success
3080,472,2024-01-19,North,Credit Card,2621.7,success
3081,65,2024-01-30,South,Loan,2614.02,success
3082,479,2024-03-16,West,Loan,1373.3200000000002,success
3083,193,2024-01-04,West,Loan,1700.09,success
3084,137,2024-03-21,East,Credit Card,1337.1440000000002,success
3085,243,2024-03-24,East,Loan,1320.9120000000003,success
3086,32,2024-03-20,South,Loan,1345.784,success
3087,179,2024-02-11,East,Loan,2104.16,success
3088,404,2024-02-08,South,Loan,2635.53,success
3089,41,2024-03-22,East,Credit Card,1207.976,success
3090,221,2024-03-23,South,Credit Card,1273.04,success
3091,461,2024-02-03,East,Credit Card,2160.65,success
3092,333,2024-02-25,West,Loan,2336.15,success
3093,404,2024-02-18,South,Savings,1249.76,failed
3094,230,2024-03-14,North,Credit Card,1260.61,success
3095,440,2024-02-02,West,Savings,2836.13,success
3096,200,2024-03-26,West,Savings,693.576,failed
3097,267,2024-01-06,South,Credit Card,1824.61,success
3098,422,2024-01-30,North,Savings,1300.46,success
3099,305,2024-03-28,West,Loan,991.8879999999999,success
3100,215,2024-01-03,East,Loan,1214.42,success
3101,70,2024-02-15,South,Loan,2540.76,success
3102,344,2024-01-14,West,Loan,2018.77,success
3103,47,2024-01-01,South,Credit Card,2545.9,success
3104,395,2024-03-03,South,Loan,1924.02,success
3105,261,2024-03-07,South,Savings,2530.07,success
3106,369,2024-02-03,East,Savings,1911.93,success
3107,469,2024-01-10,East,Savings,550.24,success
3108,290,2024-02-16,North,Loan,2252.87,success
3109,305,2024-03-08,West,Savings,1956.65,success
3110,433,2024-02-04,East,Credit Card,1882.54,success
3111,141,2024-02-14,South,Savings,1553.24,success
3112,418,2024-03-04,North,Savings,2322.95,success
3113,164,2024-02-26,East,Loan,1450.48,success
3114,344,2024-02-29,West,Credit Card,2322.06,success
3115,52,2024-01-04,South,Loan,2040.99,success
3116,398,2024-01-12,East,Loan,2336.19,success
3117,270,2024-02-02,North,Savings,2083.33,failed
3118,241,2024-01-19,North,Credit Card,2590.49,success
3119,91,2024-02-07,North,Savings,2201.64,success
3120,76,2024-03-29,South,Loan,1641.1680000000001,success
3121,231,2024-01-10,West,Loan,842.98,success
3122,152,2024-03-31,West,Loan,2090.8160000000003,success
3123,83,2024-03-21,East,Loan,967.7600000000001,success
3124,434,2024-01-22,East,Savings,1339.56,success
3125,345,2024-01-27,East,Loan,2385.7,success
3126,119,2024-03-16,South,Credit Card,1600.44,success
3127,64,2024-01-06,West,Credit Card,1227.78,success
3128,278,2024-01-22,North,Credit Card,1699.44,success
3129,369,2024-03-21,East,Savings,2066.368,success
3130,13,2024-03-24,South,Savings,1654.6400000000003,success
3131,68,2024-01-10,South,Loan,2012.69,success
3132,489,2024-03-29,West,Credit Card,1313.3680000000002,failed
3133,137,2024-03-15,East,Loan,2404.8,success
3134,194,2024-01-30,North,Savings,1938.43,success
3135,191,2024-02-17,South,Loan,2301.29,success
3136,89,2024-02-03,East,Credit Card,1593.73,success
3137,282,2024-01-03,East,Credit Card,3052.65,success
3138,171,2024-02-10,East,Loan,2684.04,success
3139,174,2024-03-19,North,Loan,1650.36,success
3140,336,2024-02-25,East,Savings,2168.98,success
3141,110,2024-03-17,East,Loan,1363.1040000000003,success
3142,423,2024-03-08,West,Credit Card,2342.93,success
3143,489,2024-01-30,West,Loan,923.13,success
3144,13,2024-03-15,South,Savings,2826.65,failed
3145,89,2024-03-12,East,Credit Card,2311.54,success
3146,429,2024-02-24,West,Loan,1500.78,success
3147,322,2024-01-24,East,Loan,2811.63,success
3148,285,2024-03-21,North,Loan,2396.552,success
3149,23,2024-01-29,North,Credit Card,2196.46,success
3150,296,2024-01-18,West,Loan,1601.44,success
3151,11,2024-01-23,West,Savings,2020.46,success
3152,295,2024-01-28,East,Credit Card,2268.88,success
3153,110,2024-02-09,East,Savings,2153.19,failed
3154,227,2024-02-20,West,Loan,1500.85,success
3155,244,2024-03-19,South,Loan,1807.5200000000002,failed
3156,43,2024-01-24,West,Loan,2576.32,success
3157,220,2024-02-17,East,Credit Card,1391.3,success
3158,250,2024-01-02,North,Credit Card,1442.96,success
3159,324,2024-02-19,East,Loan,1684.53,success
3160,41,2024-03-26,East,Savings,1514.3360000000002,success
3161,490,2024-03-16,South,Savings,1934.864,success
3162,277,2024-02-05,West,Savings,2570.03,failed
3163,426,2024-02-13,North,Loan,1581.45,success
3164,8,2024-01-01,West,Savings,2099.81,success
3165,305,2024-03-30,West,Credit Card,2037.6720000000003,success
3166,221,2024-02-16,South,Credit Card,3089.28,success
3167,329,2024-01-18,North,Savings,2097.17,success
3168,247,2024-03-21,East,Loan,1699.784,success
3169,434,2024-02-20,East,Loan,2199.61,success
3170,102,2024-02-23,East,Loan,1841.12,success
3171,227,2024-02-29,West,Credit Card,2058.29,success
3172,237,2024-03-28,West,Credit Card,813.7760000000001,success
3173,451,2024-03-28,North,Savings,1365.152,success
3174,396,2024-01-14,East,Loan,2251.25,success
3175,24,2024-01-10,South,Loan,1554.63,success
3176,475,2024-03-16,North,Savings,1945.016,success
3177,2,2024-02-02,South,Loan,1152.51,success
3178,169,2024-01-06,West,Savings,2410.12,success
3179,358,2024-02-19,West,Credit Card,2408.65,success
3180,3,2024-01-10,East,Credit Card,3101.01,success
3181,219,2024-02-09,North,Loan,1821.95,success
3182,364,2024-01-02,South,Savings,2000.99,success
3183,387,2024-03-03,South,Savings,2766.44,success
3184,413,2024-03-02,North,Savings,2688.59,success
3185,182,2024-03-30,South,Credit Card,2008.016,success
3186,319,2024-01-25,West,Savings,2170.61,success
3187,44,2024-02-20,West,Loan,2750.14,success
3188,222,2024-01-21,East,Credit Card,3321.01,success
3189,441,2024-03-26,East,Credit Card,1839.2400000000002,failed
3190,462,2024-03-18,North,Loan,1619.728,success
3191,375,2024-03-11,North,Credit Card,2361.22,success
3192,431,2024-01-17,North,Savings,2090.04,success
3193,123,2024-02-05,East,Loan,1863.53,success
3194,104,2024-02-28,North,Credit Card,2433.59,success
3195,47,2024-02-16,South,Loan,1751.32,success
3196,291,2024-01-16,East,Credit Card,2288.23,failed
3197,49,2024-02-06,North,Credit Card,1245.72,success
3198,77,2024-02-18,East,Credit Card,2853.66,success
3199,241,2024-03-22,North,Credit Card,1291.672,success
3200,203,2024-01-25,West,Savings,1331.72,success
3201,312,2024-03-14,East,Loan,2668.33,success
3202,308,2024-03-27,South,Credit Card,2219.456,success
3203,457,2024-03-22,North,Savings,1728.0880000000002,failed
3204,119,2024-02-24,South,Credit Card,1952.44,success
3205,373,2024-03-10,West,Savings,1833.48,success
3206,401,2024-02-16,East,Credit Card,2132.13,success
3207,399,2024-02-13,South,Savings,1979.83,failed
3208,345,2024-01-10,East,Loan,1918.65,failed
3209,162,2024-01-18,North,Credit Card,1564.4,success
3210,236,2024-02-05,East,Credit Card,1428.33,success
3211,116,2024-03-19,South,Loan,1634.9920000000002,success
3212,33,2024-03-12,South,Savings,2116.52,failed
3213,274,2024-01-10,North,Loan,1640.97,success
3214,181,2024-02-22,North,Credit Card,1706.07,success
3215,212,2024-01-15,South,Loan,2115.31,success
3216,346,2024-01-02,North,Savings,1552.32,success
3217,109,2024-03-19,North,Savings,2025.144,success
3218,337,2024-02-20,West,Credit Card,2267.1,success
3219,112,2024-01-06,North,Credit Card,1636.63,success
3220,182,2024-01-31,South,Savings,2240.29,success
3221,67,2024-01-02,West,Credit Card,1563.51,success
3222,295,2024-02-23,East,Loan,2411.18,success
3223,102,2024-03-23,East,Credit Card,1265.208,failed
3224,270,2024-01-09,North,Savings,1942.76,success
3225,444,2024-03-26,West,Loan,1659.1040000000003,success
3226,237,2024-02-15,West,Loan,2765.17,success
3227,289,2024-02-09,East,Savings,1610.95,success
3228,10,2024-02-06,North,Savings,1591.92,success
3229,181,2024-01-07,North,Savings,1272.47,success
3230,298,2024-01-15,South,Savings,2934.3,success
3231,192,2024-03-02,North,Loan,2017.4,success
3232,306,2024-03-03,North,Savings,2544.95,success
3233,38,2024-01-13,North,Credit Card,1714.41,success
3234,371,2024-03-17,South,Credit Card,1406.296,success
3235,321,2024-01-21,West,Loan,1977.04,success
3236,102,2024-02-29,East,Savings,1991.72,success
3237,108,2024-03-14,North,Credit Card,2341.66,failed
3238,205,2024-02-05,South,Credit Card,2031.82,success
3239,107,2024-03-02,North,Savings,1814.11,success
3240,360,2024-01-25,South,Savings,2946.1,success
3241,29,2024-02-22,North,Savings,1558.14,success
3242,42,2024-03-10,East,Savings,1613.49,success
3243,133,2024-01-02,North,Loan,1564.64,success
3244,300,2024-01-05,South,Loan,2362.3,success
3245,164,2024-02-10,East,Credit Card,2224.24,success
3246,186,2024-01-09,West,Savings,1920.73,success
3247,378,2024-02-02,North,Loan,1540.99,success
3248,200,2024-02-09,West,Credit Card,2071.71,success
3249,285,2024-01-15,North,Credit Card,2435.76,success
3250,449,2024-03-25,North,Loan,2231.776,success
3251,287,2024-01-29,West,Credit Card,1694.12,success
3252,444,2024-03-23,West,Loan,1535.2160000000001,success
3253,145,2024-01-25,South,Loan,2219.21,success
3254,358,2024-01-26,West,Savings,1809.26,success
3255,199,2024-02-29,West,Credit Card,1339.75,success
3256,259,2024-03-06,North,Loan,1921.49,success
3257,135,2024-01-17,East,Loan,1394.92,success
3258,261,2024-02-24,South,Credit Card,2482.08,success
3259,467,2024-03-31,North,Loan,1477.824,success
3260,388,2024-02-07,South,Credit Card,1969.45,success
3261,457,2024-03-18,North,Loan,1300.48,success
3262,167,2024-03-11,West,Loan,1988.47,success
3263,83,2024-01-19,East,Savings,2639.29,success
3264,233,2024-02-07,West,Savings,2541.5,success
3265,352,2024-01-28,East,Credit Card,1461.81,success
3266,1,2024-01-16,North,Savings,643.69,success
3267,270,2024-03-09,North,Savings,1925.27,success
3268,408,2024-02-22,East,Savings,1850.59,success
3269,113,2024-03-09,East,Savings,1820.88,success
3270,291,2024-02-06,East,Savings,1723.87,success
3271,74,2024-02-26,South,Savings,1451.43,success
3272,396,2024-03-02,East,Credit Card,3145.96,success
3273,147,2024-02-14,East,Credit Card,2933.73,success
3274,186,2024-02-20,West,Savings,1800.27,success
3275,383,2024-03-16,West,Loan,1651.6720000000003,success
3276,108,2024-02-01,North,Savings,2491.93,success
3277,300,2024-02-14,South,Loan,2062.94,success
3278,140,2024-02-08,South,Loan,1761.72,success
3279,226,2024-02-05,West,Savings,1347.71,success
3280,422,2024-02-07,North,Savings,2006.11,success
3281,2,2024-02-18,South,Credit Card,1401.67,success
3282,306,2024-02-11,North,Savings,2599.65,success
3283,139,2024-03-15,South,Savings,1983.86,success
3284,446,2024-03-25,West,Loan,1808.304,success
3285,419,2024-02-20,West,Savings,1836.1,success
3286,19,2024-02-17,East,Savings,2414.66,success
3287,93,2024-01-03,North,Savings,1684.17,failed
3288,106,2024-01-02,South,Loan,2145.6,success
3289,255,2024-03-22,West,Savings,1454.5680000000002,success
3290,243,2024-03-14,East,Loan,1889.11,success
3291,153,2024-02-14,West,Credit Card,2484.68,success
3292,389,2024-02-23,East,Credit Card,1622.02,success
3293,408,2024-01-04,East,Savings,2180.22,success
3294,153,2024-01-06,West,Credit Card,2666.28,success
3295,140,2024-02-26,South,Loan,2464.47,success
3296,374,2024-03-06,North,Savings,1697.55,success
3297,143,2024-01-11,East,Loan,2248.89,success
3298,382,2024-01-25,South,Credit Card,1152.87,success
3299,233,2024-03-15,West,Savings,2503.3,success
3300,492,2024-03-29,West,Savings,2655.152,success
3301,63,2024-03-04,West,Credit Card,2150.94,success
3302,427,2024-02-07,South,Savings,2694.88,failed
3303,201,2024-03-17,West,Loan,1061.92,success
3304,81,2024-02-26,East,Loan,1498.28,success
3305,449,2024-03-22,North,Savings,1467.4560000000001,failed
3306,458,2024-01-19,South,Credit Card,1921.08,failed
3307,56,2024-03-18,East,Credit Card,1723.3200000000002,success
3308,291,2024-02-14,East,Savings,1699.81,success
3309,479,2024-02-04,West,Loan,2069.83,success
3310,453,2024-02-22,North,Savings,2483.59,success
3311,407,2024-03-18,South,Savings,1797.5919999999999,success
3312,139,2024-01-01,South,Loan,1818.83,success
3313,413,2024-01-09,North,Loan,2370.91,success
3314,107,2024-01-29,North,Loan,1798.36,success
3315,414,2024-01-14,West,Loan,2042.26,success
3316,348,2024-03-27,East,Savings,1964.0880000000002,failed
3317,433,2024-03-01,East,Loan,1908.24,success
3318,285,2024-01-13,North,Credit Card,1395.4,failed
3319,282,2024-02-27,East,Credit Card,2028.37,success
3320,138,2024-03-14,South,Credit Card,2459.94,success
3321,164,2024-01-19,East,Loan,2509.46,success
3322,206,2024-03-01,East,Loan,1479.9,success
3323,184,2024-01-03,West,Credit Card,2349.41,success
3324,61,2024-02-11,East,Savings,1879.28,success
3325,442,2024-03-27,West,Savings,2186.712,failed
3326,287,2024-02-25,West,Loan,1404.54,success
3327,111,2024-01-03,South,Credit Card,2339.36,success
3328,206,2024-01-29,East,Savings,1826.61,success
3329,430,2024-02-26,South,Savings,1707.1,success
3330,192,2024-03-26,North,Loan,1983.528,success
3331,272,2024-01-01,North,Credit Card,2563.84,failed
3332,321,2024-02-05,West,Credit Card,1026.33,success
3333,434,2024-01-04,East,Credit Card,2489.23,success
3334,396,2024-02-17,East,Loan,1965.78,success
3335,384,2024-02-08,North,Savings,2014.39,success
3336,71,2024-02-14,East,Credit Card,1380.21,success
3337,191,2024-03-17,South,Credit Card,1843.1360000000002,success
3338,487,2024-01-15,North,Loan,3162.35,success
3339,313,2024-02-10,East,Credit Card,1735.53,success
3340,479,2024-02-23,West,Loan,2616.7,success
3341,125,2024-01-04,East,Credit Card,1996.16,success
3342,219,2024-02-24,North,Credit Card,1754.22,success
3343,310,2024-03-07,North,Loan,1293.64,success
3344,194,2024-03-17,North,Credit Card,2156.8160000000003,success
3345,448,2024-03-08,South,Savings,2055.56,success
3346,489,2024-02-06,West,Credit Card,1778.37,success
3347,133,2024-03-10,North,Credit Card,1855.71,success
3348,19,2024-03-16,East,Savings,1876.3680000000002,success
3349,318,2024-02-21,East,Credit Card,1777.6,failed
3350,97,2024-03-17,South,Loan,1229.6480000000001,success
3351,183,2024-01-18,North,Savings,1943.17,success
3352,127,2024-02-18,South,Loan,1928.17,failed
3353,215,2024-02-05,East,Credit Card,1917.46,success
3354,235,2024-03-17,North,Savings,1427.08,success
3355,61,2024-01-02,East,Loan,2636.36,success
3356,183,2024-01-17,North,Savings,3389.98,success
3357,111,2024-02-26,South,Savings,1481.0,success
3358,458,2024-02-29,South,Credit Card,961.44,success
3359,319,2024-03-21,West,Loan,1505.888,success
3360,200,2024-01-01,West,Loan,1009.02,success
3361,13,2024-03-19,South,Loan,1000.3280000000001,success
3362,331,2024-03-31,East,Savings,1394.968,success
3363,31,2024-01-04,West,Loan,2341.61,success
3364,430,2024-02-06,South,Savings,1876.83,success
3365,461,2024-01-13,East,Savings,849.26,success
3366,48,2024-02-19,West,Credit Card,1870.53,success
3367,301,2024-02-04,North,Credit Card,1906.07,success
3368,224,2024-01-10,East,Loan,1914.16,success
3369,185,2024-01-04,West,Savings,2549.24,failed
3370,31,2024-03-08,West,Credit Card,2453.27,success
3371,497,2024-03-21,North,Loan,1628.9040000000002,success
3372,78,2024-01-29,West,Credit Card,3028.91,success
3373,73,2024-03-08,North,Credit Card,1280.79,failed
3374,431,2024-03-05,North,Loan,1742.41,success
3375,441,2024-03-06,East,Savings,1936.74,success
3376,231,2024-03-23,West,Credit Card,1590.24,failed
3377,96,2024-03-30,North,Credit Card,1031.112,failed
3378,348,2024-03-26,East,Loan,823.256,failed
3379,289,2024-03-03,East,Savings,1998.1,success
3380,154,2024-01-25,North,Loan,1204.93,success
3381,127,2024-02-02,South,Credit Card,1667.67,success
3382,0,2024-02-19,South,Loan,2058.42,success
3383,101,2024-02-01,South,Loan,1357.2,success
3384,428,2024-02-23,South,Loan,2165.06,success
3385,50,2024-01-08,East,Savings,1592.99,success
3386,394,2024-01-03,North,Loan,1817.16,success
3387,36,2024-03-27,East,Credit Card,1801.712,success
3388,231,2024-02-01,West,Loan,1958.87,success
3389,137,2024-01-13,East,Credit Card,2153.23,success
3390,413,2024-03-12,North,Loan,2219.74,success
3391,55,2024-02-02,East,Loan,1950.85,success
3392,94,2024-02-15,North,Credit Card,2182.28,success
3393,92,2024-01-14,South,Savings,1659.91,success
3394,459,2024-03-19,East,Credit Card,1796.576,success
3395,3,2024-01-15,East,Loan,1885.46,success
3396,461,2024-01-24,East,Savings,2651.3,success
3397,243,2024-01-29,East,Credit Card,2068.83,failed
3398,415,2024-03-28,South,Loan,1379.768,failed
3399,60,2024-01-15,East,Credit Card,2254.84,success
3400,78,2024-02-05,West,Savings,2676.4,failed
3401,497,2024-02-21,North,Loan,1766.71,success
3402,324,2024-03-11,East,Loan,1685.66,success
3403,275,2024-02-01,North,Savings,690.93,success
3404,118,2024-02-08,West,Credit Card,2067.6,success
3405,437,2024-02-18,North,Savings,1836.88,success
3406,498,2024-02-12,North,Credit Card,2252.67,success
3407,13,2024-01-22,South,Credit Card,2263.92,success
3408,252,2024-01-20,West,Savings,1308.33,success
3409,273,2024-03-26,East,Savings,1960.688,failed
3410,106,2024-02-01,South,Loan,1616.98,success
3411,122,2024-03-18,West,Credit Card,1415.496,failed
3412,134,2024-03-17,South,Loan,698.8800000000001,success
3413,35,2024-01-05,South,Credit Card,2167.98,success
3414,242,2024-02-13,South,Savings,1450.8,success
3415,420,2024-01-29,North,Loan,1690.44,success
3416,9,2024-02-11,West,Credit Card,1409.01,success
3417,58,2024-02-21,North,Savings,2497.99,success
3418,332,2024-03-26,South,Savings,1447.696,failed
3419,25,2024-03-22,South,Loan,1092.2160000000001,success
3420,392,2024-01-10,South,Loan,1396.12,success
3421,298,2024-02-20,South,Loan,2404.56,success
3422,278,2024-02-22,North,Credit Card,1575.14,success
3423,341,2024-02-08,South,Loan,1758.51,success
3424,145,2024-03-05,South,Credit Card,2018.79,success
3425,402,2024-02-09,East,Credit Card,1842.65,success
3426,109,2024-03-26,North,Loan,868.1280000000002,success
3427,350,2024-01-17,East,Savings,2307.98,success
3428,247,2024-02-12,East,Credit Card,1877.99,success
3429,370,2024-03-17,East,Credit Card,1717.8880000000001,success
3430,161,2024-02-01,North,Credit Card,2346.61,success
3431,40,2024-01-04,West,Loan,986.16,success
3432,137,2024-03-21,East,Credit Card,1881.2560000000003,success
3433,106,2024-03-30,South,Savings,2599.376,success
3434,474,2024-02-23,East,Savings,2201.13,success
3435,205,2024-03-19,South,Savings,2128.4,success
3436,109,2024-02-16,North,Credit Card,2479.0,success
3437,433,2024-03-09,East,Savings,2331.77,success
3438,61,2024-03-13,East,Savings,2498.63,success
3439,190,2024-01-19,North,Savings,2590.95,success
3440,79,2024-03-24,South,Loan,2090.912,success
3441,373,2024-03-07,West,Loan,1394.92,success
3442,359,2024-03-03,East,Savings,2532.69,success
3443,61,2024-03-28,East,Loan,1496.784,failed
3444,247,2024-02-26,East,Loan,2634.29,success
3445,28,2024-01-22,North,Credit Card,2245.71,success
3446,49,2024-03-29,North,Savings,1110.7120000000002,success
3447,182,2024-02-19,South,Loan,2712.31,success
3448,169,2024-01-06,West,Loan,1619.21,success
3449,200,2024-01-25,West,Loan,1846.99,success
3450,384,2024-03-30,North,Savings,2276.936,success
3451,345,2024-02-07,East,Credit Card,2072.16,success
3452,180,2024-02-02,West,Loan,1825.92,success
3453,391,2024-01-20,North,Loan,1962.54,failed
3454,398,2024-03-01,East,Savings,1815.69,success
3455,96,2024-02-25,North,Savings,2403.52,success
3456,49,2024-03-30,North,Credit Card,1464.272,success
3457,385,2024-02-12,East,Loan,1979.33,success
3458,498,2024-01-17,North,Savings,2289.46,success
3459,5,2024-03-24,East,Loan,1784.016,success
3460,287,2024-01-12,West,Savings,1657.16,success
3461,287,2024-01-06,West,Credit Card,2410.15,success
3462,109,2024-03-13,North,Loan,1741.69,success
3463,379,2024-03-07,North,Credit Card,1488.37,success
3464,328,2024-01-16,North,Savings,1124.51,success
3465,421,2024-03-20,East,Savings,1529.0,success
3466,220,2024-03-06,East,Credit Card,1210.28,success
3467,99,2024-03-05,West,Credit Card,1591.05,success
3468,133,2024-02-16,North,Savings,1991.89,success
3469,346,2024-03-10,North,Loan,2578.42,success
3470,207,2024-03-23,West,Credit Card,1487.8000000000002,success
3471,465,2024-02-05,South,Savings,1298.57,success
3472,485,2024-02-05,North,Loan,1945.93,success
3473,136,2024-02-16,North,Loan,2556.05,success
3474,186,2024-02-26,West,Savings,1848.56,success
3475,356,2024-02-10,East,Credit Card,2673.05,success
3476,390,2024-01-06,East,Savings,1989.07,success
3477,456,2024-01-09,North,Savings,2353.62,success
3478,314,2024-01-01,North,Loan,2109.19,success
3479,460,2024-03-13,North,Credit Card,2644.43,success
3480,443,2024-02-05,South,Credit Card,3071.5,success
3481,248,2024-03-01,North,Loan,1765.12,success
3482,44,2024-03-29,West,Loan,1663.5040000000001,success
3483,280,2024-02-29,West,Savings,2578.0,success
3484,250,2024-02-23,North,Credit Card,2126.87,success
3485,63,2024-03-18,West,Loan,882.768,success
3486,89,2024-03-07,East,Savings,1856.05,success
3487,67,2024-03-24,West,Savings,1698.016,success
3488,447,2024-03-13,South,Savings,2797.09,success
3489,138,2024-02-10,South,Loan,2051.77,success
3490,469,2024-02-16,East,Savings,1559.99,success
3491,387,2024-01-24,South,Savings,2134.59,success
3492,212,2024-03-11,South,Savings,2734.89,success
3493,426,2024-01-09,North,Credit Card,1688.86,success
3494,407,2024-01-04,South,Savings,1747.85,success
3495,307,2024-01-07,West,Loan,1696.09,success
3496,264,2024-02-13,West,Credit Card,1355.26,success
3497,182,2024-01-07,South,Loan,2029.22,success
3498,438,2024-03-24,East,Loan,1576.1360000000002,failed
3499,51,2024-03-06,West,Loan,1149.17,success
3500,180,2024-01-31,West,Loan,1595.14,success
3501,172,2024-02-05,North,Credit Card,2093.9,success
3502,206,2024-01-27,East,Loan,2340.87,success
3503,380,2024-03-22,West,Loan,1985.0,success
3504,58,2024-03-30,North,Credit Card,1906.992,success
3505,30,2024-03-19,East,Loan,1599.3120000000001,success
3506,486,2024-02-29,South,Credit Card,1280.64,success
3507,233,2024-01-13,West,Credit Card,1887.37,success
3508,418,2024-02-22,North,Savings,810.78,success
3509,190,2024-03-01,North,Savings,2096.33,failed
3510,264,2024-03-25,West,Loan,1338.1840000000002,success
3511,428,2024-02-26,South,Credit Card,975.24,success
3512,498,2024-01-17,North,Credit Card,2186.77,success
3513,162,2024-03-10,North,Credit Card,2727.72,success
3514,489,2024-01-18,West,Savings,1215.93,success
3515,408,2024-02-06,East,Savings,2228.61,success
3516,249,2024-02-28,North,Loan,1803.31,success
3517,164,2024-01-23,East,Credit Card,1618.79,failed
3518,325,2024-01-22,West,Loan,1619.82,success
3519,273,2024-01-31,East,Credit Card,1803.19,success
3520,380,2024-01-13,West,Savings,1801.44,success
3521,463,2024-02-09,North,Savings,1979.26,success
3522,326,2024-01-10,West,Credit Card,1573.25,success
3523,356,2024-02-27,East,Credit Card,1665.28,success
3524,491,2024-02-06,North,Savings,2276.45,success
3525,15,2024-02-20,South,Credit Card,1531.7,success
3526,448,2024-02-21,South,Loan,2128.63,success
3527,446,2024-03-05,West,Loan,1827.76,success
3528,237,2024-03-16,West,Loan,1381.968,failed
3529,227,2024-02-24,West,Savings,2908.38,success
3530,442,2024-03-25,West,Loan,1092.28,failed
3531,212,2024-02-15,South,Credit Card,2768.08,success
3532,144,2024-01-28,South,Savings,2416.58,failed
3533,359,2024-02-06,East,Loan,1684.88,success
3534,116,2024-02-27,South,Savings,2432.12,success
3535,199,2024-03-22,West,Credit Card,516.984,success
3536,99,2024-01-20,West,Savings,1640.01,success
3537,410,2024-01-11,West,Savings,1537.97,success
3538,346,2024-02-19,North,Loan,2192.87,success
3539,21,2024-02-25,North,Savings,2351.33,success
3540,423,2024-02-17,West,Savings,2184.51,success
3541,437,2024-01-09,North,Credit Card,2062.14,success
3542,5,2024-02-05,East,Loan,2468.03,success
3543,345,2024-02-26,East,Loan,2388.47,success
3544,157,2024-03-09,North,Loan,1673.52,success
3545,236,2024-01-17,East,Savings,1725.11,success
3546,408,2024-01-24,East,Loan,2357.59,success
3547,105,2024-01-24,North,Loan,1974.44,failed
3548,396,2024-02-16,East,Loan,2008.06,success
3549,128,2024-03-26,East,Loan,1657.3200000000002,success
3550,307,2024-02-01,West,Loan,1122.28,success
3551,346,2024-03-09,North,Loan,1652.43,failed
3552,339,2024-03-05,South,Credit Card,2236.57,success
3553,54,2024-03-31,West,Loan,1318.832,success
3554,40,2024-03-24,West,Savings,1504.88,success
3555,188,2024-02-10,South,Credit Card,2233.22,success
3556,162,2024-03-18,North,Credit Card,1998.8240000000003,success
3557,326,2024-01-22,West,Savings,2563.68,success
3558,388,2024-02-10,South,Credit Card,2595.55,success
3559,249,2024-01-15,North,Credit Card,1926.57,success
3560,294,2024-02-10,South,Loan,1875.32,success
3561,44,2024-03-03,West,Savings,1418.48,success
3562,275,2024-01-09,North,Loan,2731.13,success
3563,133,2024-01-30,North,Loan,1854.77,success
3564,184,2024-01-10,West,Credit Card,2717.15,success
3565,404,2024-03-05,South,Savings,2142.38,success
3566,429,2024-01-13,West,Credit Card,2524.2,success
3567,220,2024-02-22,East,Credit Card,1959.47,success
3568,24,2024-02-18,South,Credit Card,2284.14,success
3569,390,2024-02-09,East,Savings,2543.19,success
3570,421,2024-02-10,East,Savings,1750.43,success
3571,249,2024-01-06,North,Loan,2598.58,success
3572,71,2024-02-28,East,Loan,1477.58,success
3573,445,2024-02-07,East,Credit Card,2891.96,success
3574,80,2024-02-24,West,Savings,2073.65,success
3575,187,2024-02-06,East,Credit Card,1659.75,success
3576,200,2024-03-13,West,Savings,2405.85,success
3577,92,2024-03-16,South,Credit Card,1732.768,success
3578,258,2024-03-29,South,Savings,915.7600000000001,success
3579,165,2024-02-13,South,Loan,1803.45,success
3580,138,2024-03-27,South,Savings,1199.472,failed
3581,192,2024-01-11,North,Savings,1538.91,success
3582,322,2024-02-11,East,Credit Card,1522.69,success
3583,19,2024-01-27,East,Loan,2259.11,success
3584,325,2024-01-06,West,Savings,2447.12,success
3585,62,2024-01-15,South,Credit Card,1616.84,success
3586,255,2024-01-29,West,Savings,1029.22,success
3587,77,2024-01-18,East,Credit Card,807.55,success
3588,17,2024-03-05,South,Credit Card,3032.11,success
3589,127,2024-01-15,South,Credit Card,2079.05,success
3590,231,2024-03-13,West,Credit Card,2409.87,success
3591,477,2024-03-04,West,Credit Card,1902.26,success
3592,321,2024-02-13,West,Loan,938.0,success
3593,455,2024-03-29,East,Loan,1765.448,success
3594,79,2024-01-31,South,Loan,2825.29,success
3595,402,2024-02-08,East,Savings,1685.39,success
3596,132,2024-02-10,East,Loan,891.2,success
3597,312,2024-01-12,East,Credit Card,1415.91,success
3598,315,2024-03-30,East,Credit Card,1948.864,success
3599,157,2024-01-07,North,Savings,2162.02,failed
3600,34,2024-02-03,East,Loan,2600.97,success
3601,264,2024-02-12,West,Loan,2004.39,success
3602,346,2024-03-01,North,Loan,2342.23,success
3603,412,2024-02-07,West,Loan,1789.4,success
3604,445,2024-01-15,East,Credit Card,1450.54,success
3605,133,2024-02-08,North,Loan,2343.71,success
3606,138,2024-02-05,South,Loan,2445.03,success
3607,166,2024-02-21,East,Loan,1696.37,success
3608,82,2024-01-30,North,Loan,2769.57,success
3609,137,2024-02-23,East,Credit Card,2786.2,success
3610,423,2024-03-22,West,Savings,1220.416,success
3611,248,2024-03-01,North,Credit Card,1546.55,success
3612,458,2024-03-23,South,Credit Card,1254.4080000000001,failed
3613,34,2024-03-31,East,Credit Card,1549.384,success
3614,28,2024-02-15,North,Loan,1812.18,success
3615,493,2024-02-16,North,Credit Card,1347.59,success
3616,387,2024-01-27,South,Savings,1581.3,success
3617,105,2024-03-22,North,Credit Card,757.248,success
3618,290,2024-02-20,North,Loan,1017.73,success
3619,293,2024-02-21,South,Credit Card,1259.43,success
3620,487,2024-03-27,North,Credit Card,2396.8160000000003,failed
3621,122,2024-03-07,West,Savings,2916.95,success
3622,303,2024-02-22,West,Loan,2374.64,failed
3623,402,2024-03-23,East,Credit Card,1361.008,success
3624,185,2024-03-18,West,Loan,1001.7840000000001,success
3625,272,2024-02-03,North,Loan,1993.85,success
3626,144,2024-01-02,South,Credit Card,2221.16,success
3627,188,2024-03-03,South,Credit Card,1624.64,success
3628,233,2024-02-25,West,Credit Card,2192.99,success
3629,361,2024-03-05,West,Savings,1411.68,success
3630,190,2024-01-15,North,Savings,1710.94,success
3631,353,2024-03-15,East,Loan,1871.0,success
3632,355,2024-01-04,South,Credit Card,2935.54,success
3633,345,2024-01-01,East,Credit Card,1574.56,success
3634,439,2024-02-11,South,Loan,3220.61,failed
3635,349,2024-03-19,North,Loan,1774.848,success
3636,144,2024-01-12,South,Credit Card,3264.96,failed
3637,347,2024-03-15,West,Credit Card,1503.2,success
3638,318,2024-02-05,East,Savings,1439.79,success
3639,59,2024-01-06,West,Savings,1622.57,success
3640,205,2024-03-01,South,Credit Card,2011.17,success
3641,342,2024-03-30,South,Loan,2277.416,failed
3642,140,2024-02-05,South,Savings,1690.92,success
3643,208,2024-01-26,East,Savings,2449.26,success
3644,389,2024-01-20,East,Loan,2966.68,success
3645,103,2024-02-26,West,Credit Card,2128.38,success
3646,278,2024-03-28,North,Loan,2037.92,success
3647,374,2024-03-11,North,Loan,1597.0,success
3648,343,2024-02-13,South,Savings,2204.53,success
3649,258,2024-03-07,South,Credit Card,2333.31,success
3650,169,2024-03-07,West,Credit Card,1326.37,success
3651,228,2024-03-05,West,Credit Card,1550.6,success
3652,102,2024-03-15,East,Savings,1849.59,success
3653,297,2024-03-21,South,Savings,949.072,failed
3654,277,2024-01-24,West,Loan,1635.52,success
3655,179,2024-02-14,East,Credit Card,1905.49,success
3656,122,2024-01-20,West,Loan,1261.87,success
3657,254,2024-03-30,South,Credit Card,2322.232,success
3658,180,2024-02-03,West,Loan,2505.42,success
3659,53,2024-03-22,West,Savings,3011.6240000000003,success
3660,201,2024-01-08,West,Loan,1377.76,success
3661,437,2024-03-22,North,Savings,1779.9279999999999,success
3662,476,2024-03-22,North,Savings,1311.9120000000003,success
3663,444,2024-01-10,West,Loan,1437.17,success
3664,110,2024-02-23,East,Credit Card,2473.4,success
3665,331,2024-03-15,East,Loan,2027.5,success
3666,147,2024-03-31,East,Savings,1453.1200000000001,success
3667,214,2024-03-06,North,Savings,2143.78,success
3668,345,2024-02-24,East,Loan,1570.19,success
3669,359,2024-02-29,East,Loan,1554.72,success
3670,312,2024-01-04,East,Loan,1656.73,success
3671,126,2024-02-16,North,Loan,2581.69,success
3672,59,2024-03-19,West,Credit Card,2027.5200000000002,success
3673,177,2024-01-15,South,Credit Card,1357.0,success
3674,275,2024-03-03,North,Credit Card,2875.46,success
3675,383,2024-02-24,West,Loan,1984.24,success
3676,90,2024-02-29,East,Loan,2216.18,success
3677,123,2024-02-16,East,Loan,1641.41,success
3678,61,2024-03-18,East,Credit Card,1608.44,success
3679,23,2024-02-12,North,Savings,1434.47,success
3680,36,2024-03-13,East,Loan,1608.82,success
3681,106,2024-02-18,South,Credit Card,2426.58,failed
3682,36,2024-03-01,East,Loan,2439.48,success
3683,389,2024-03-04,East,Savings,2240.3,success
3684,1,2024-02-12,North,Loan,1785.18,success
3685,337,2024-01-19,West,Loan,1349.45,success
3686,269,2024-03-23,South,Savings,2119.9919999999997,success
3687,145,2024-03-28,South,Savings,1984.1200000000001,success
3688,166,2024-01-27,East,Loan,1080.74,success
3689,227,2024-01-12,West,Credit Card,2449.06,failed
3690,74,2024-02-08,South,Savings,1816.11,success
3691,274,2024-02-24,North,Loan,2351.27,success
3692,3,2024-02-16,East,Savings,1267.51,success
3693,265,2024-02-09,North,Credit Card,1665.77,success
3694,183,2024-01-19,North,Loan,2047.26,failed
3695,248,2024-03-01,North,Credit Card,2903.04,success
3696,52,2024-01-15,South,Credit Card,3333.45,failed
3697,164,2024-02-16,East,Credit Card,2048.58,success
3698,230,2024-03-20,North,Loan,2046.6720000000003,success
3699,122,2024-01-20,West,Savings,2116.05,success
3700,475,2024-01-25,North,Credit Card,2097.54,success
3701,291,2024-01-27,East,Savings,2268.74,success
3702,142,2024-01-30,West,Savings,1970.78,success
3703,43,2024-01-14,West,Loan,2413.2,success
3704,7,2024-03-21,North,Loan,1173.584,success
3705,228,2024-02-06,West,Savings,1974.23,success
3706,65,2024-02-29,South,Loan,2956.0,success
3707,273,2024-03-31,East,Credit Card,2065.6240000000003,failed
3708,98,2024-03-04,West,Credit Card,2160.5,success
3709,240,2024-02-14,West,Credit Card,2501.12,success
3710,394,2024-01-27,North,Loan,2780.13,success
3711,365,2024-01-12,East,Loan,1024.2,success
3712,214,2024-02-23,North,Loan,1861.56,success
3713,99,2024-01-04,West,Credit Card,1664.14,success
3714,128,2024-01-03,East,Savings,1298.82,success
3715,184,2024-03-15,West,Savings,3045.55,success
3716,251,2024-03-22,East,Loan,1835.232,failed
3717,206,2024-01-27,East,Credit Card,2481.17,success
3718,276,2024-03-20,East,Loan,1347.664,success
3719,474,2024-01-24,East,Loan,1851.07,success
3720,248,2024-01-17,North,Loan,1997.45,success
3721,53,2024-03-18,West,Credit Card,1759.5040000000001,success
3722,97,2024-03-09,South,Credit Card,2392.59,success
3723,259,2024-02-08,North,Credit Card,1111.16,failed
3724,349,2024-02-11,North,Credit Card,2357.37,success
3725,28,2024-02-09,North,Loan,1883.14,success
3726,337,2024-03-15,West,Credit Card,2803.96,success
3727,237,2024-03-16,West,Loan,2141.384,success
3728,175,2024-03-08,East,Loan,2145.69,success
3729,394,2024-01-07,North,Credit Card,2016.09,success
3730,307,2024-03-28,West,Savings,1476.3760000000002,success
3731,174,2024-03-15,North,Loan,2202.41,success
3732,407,2024-03-28,South,Loan,2116.184,success
3733,461,2024-01-07,East,Loan,2027.6,success
3734,217,2024-01-08,South,Savings,1721.61,success
3735,52,2024-03-12,South,Savings,2016.32,success
3736,225,2024-03-16,South,Credit Card,1724.192,success
3737,133,2024-02-16,North,Credit Card,1436.37,success
3738,25,2024-01-27,South,Loan,1317.95,success
3739,480,2024-02-02,West,Credit Card,1734.06,success
3740,338,2024-01-23,West,Loan,2802.68,success
3741,252,2024-01-20,West,Savings,2611.97,success
3742,102,2024-02-20,East,Credit Card,1214.29,success
3743,469,2024-03-07,East,Loan,1533.81,success
3744,177,2024-03-11,South,Credit Card,2383.19,success
3745,212,2024-01-08,South,Credit Card,1793.05,failed
3746,35,2024-02-15,South,Savings,2230.4,success
3747,150,2024-02-01,West,Savings,1238.83,success
3748,138,2024-02-26,South,Loan,2006.08,success
3749,136,2024-02-15,North,Savings,1953.56,success
3750,154,2024-03-15,North,Credit Card,2483.9,success
3751,238,2024-01-22,North,Credit Card,2199.5,success
3752,199,2024-01-22,West,Credit Card,2071.5,success
3753,67,2024-03-04,West,Loan,1136.99,success
3754,20,2024-02-09,East,Credit Card,2976.55,success
3755,34,2024-03-08,East,Loan,2343.48,success
3756,332,2024-02-16,South,Savings,1644.35,success
3757,383,2024-02-16,West,Credit Card,2058.56,success
3758,303,2024-01-22,West,Credit Card,1807.81,success
3759,18,2024-02-03,East,Savings,1897.12,success
3760,383,2024-01-11,West,Credit Card,2602.91,success
3761,342,2024-01-16,South,Savings,1531.6,success
3762,432,2024-02-29,South,Loan,2365.95,success
3763,351,2024-02-15,East,Savings,2627.26,success
3764,205,2024-02-22,South,Credit Card,2279.36,success
3765,173,2024-02-07,East,Savings,1921.76,success
3766,54,2024-01-25,West,Credit Card,1610.31,success
3767,69,2024-01-23,North,Credit Card,1674.06,success
3768,45,2024-03-15,West,Savings,2069.04,success
3769,128,2024-01-02,East,Savings,1056.94,failed
3770,485,2024-02-05,North,Credit Card,2026.53,success
3771,433,2024-03-29,East,Loan,1946.112,success
3772,314,2024-03-18,North,Savings,1015.8000000000001,success
3773,481,2024-02-07,South,Savings,2595.63,success
3774,144,2024-03-21,South,Loan,2684.32,success
3775,171,2024-02-16,East,Loan,1968.13,success
3776,68,2024-01-16,South,Credit Card,1889.99,success
3777,178,2024-01-29,West,Savings,1936.3,success
3778,402,2024-02-14,East,Savings,2051.32,success
3779,214,2024-02-03,North,Loan,1851.1,success
3780,196,2024-01-16,North,Savings,1032.52,success
3781,136,2024-02-17,North,Credit Card,1925.32,success
3782,218,2024-02-25,West,Savings,1510.35,failed
3783,79,2024-01-14,South,Credit Card,2081.68,success
3784,338,2024-02-25,West,Loan,2657.04,success
3785,247,2024-01-08,East,Savings,1525.63,success
3786,344,2024-01-03,West,Credit Card,2876.6,success
3787,313,2024-03-20,East,Credit Card,1453.9360000000001,success
3788,312,2024-02-14,East,Savings,1579.75,success
3789,69,2024-01-27,North,Savings,2343.62,success
3790,130,2024-03-29,West,Loan,1408.864,success
3791,8,2024-02-27,West,Savings,1977.7,success
3792,357,2024-03-16,South,Loan,1609.232,success
3793,485,2024-02-13,North,Credit Card,2312.45,success
3794,485,2024-01-20,North,Loan,1962.83,success
3795,21,2024-03-24,North,Loan,1526.1760000000002,failed
3796,28,2024-02-19,North,Credit Card,1804.8,success
3797,403,2024-01-26,West,Savings,2258.07,success
3798,446,2024-02-25,West,Savings,1736.0,success
3799,395,2024-02-29,South,Credit Card,2676.53,success
3800,257,2024-01-02,West,Loan,2017.14,success
3801,19,2024-02-10,East,Savings,1159.56,success
3802,345,2024-03-05,East,Savings,2154.86,success
3803,333,2024-03-29,West,Loan,1790.304,success
3804,254,2024-01-19,South,Loan,2683.19,success
3805,435,2024-03-17,West,Loan,1304.9040000000002,success
3806,55,2024-01-04,East,Loan,1561.65,success
3807,355,2024-01-29,South,Credit Card,2330.23,success
3808,156,2024-03-27,South,Savings,2067.096,success
3809,176,2024-01-03,South,Credit Card,1612.48,success
3810,265,2024-03-21,North,Loan,1708.896,success
3811,111,2024-02-24,South,Savings,1971.36,success
3812,108,2024-03-10,North,Loan,1628.81,success
3813,444,2024-01-15,West,Loan,1942.0,success
3814,83,2024-03-12,East,Credit Card,2542.61,success
3815,160,2024-02-15,North,Loan,2019.28,success
3816,125,2024-01-25,East,Savings,1915.79,success
3817,297,2024-02-07,South,Credit Card,2301.82,success
3818,52,2024-03-26,South,Credit Card,2074.832,success
3819,285,2024-01-03,North,Loan,1517.61,success
3820,41,2024-02-20,East,Savings,2157.22,success
3821,135,2024-02-08,East,Savings,1820.52,success
3822,156,2024-03-06,South,Loan,2021.52,success
3823,321,2024-01-18,West,Savings,2343.43,success
3824,71,2024-02-17,East,Loan,1858.42,success
3825,270,2024-03-29,North,Loan,789.984,failed
3826,59,2024-02-17,West,Savings,1959.05,success
3827,10,2024-02-18,North,Loan,2495.6,success
3828,461,2024-02-25,East,Loan,2225.08,success
3829,144,2024-01-27,South,Credit Card,1947.82,success
3830,382,2024-02-13,South,Credit Card,2069.83,success
3831,335,2024-02-09,South,Savings,2032.51,success
3832,38,2024-01-20,North,Credit Card,1128.16,success
3833,325,2024-01-21,West,Credit Card,2078.41,success
3834,173,2024-03-09,East,Credit Card,1364.82,success
3835,222,2024-03-14,East,Loan,2577.35,success
3836,299,2024-01-25,East,Credit Card,1354.53,failed
3837,486,2024-03-27,South,Credit Card,1437.208,success
3838,51,2024-01-24,West,Savings,1704.3,success
3839,418,2024-01-04,North,Credit Card,2777.6,success
3840,69,2024-02-19,North,Loan,2553.36,success
3841,413,2024-03-17,North,Loan,690.152,success
3842,145,2024-03-07,South,Loan,1993.98,success
3843,186,2024-02-14,West,Loan,1439.62,success
3844,372,2024-02-27,East,Savings,2080.32,success
3845,322,2024-01-16,East,Credit Card,2331.13,success
3846,386,2024-02-29,West,Credit Card,2122.56,success
3847,458,2024-03-18,South,Savings,1890.7200000000003,success
3848,412,2024-01-11,West,Savings,1871.47,success
3849,138,2024-02-09,South,Loan,2138.78,success
3850,71,2024-01-27,East,Savings,2344.1,success
3851,402,2024-03-04,East,Loan,1778.2,success
3852,492,2024-02-13,West,Loan,1573.09,success
3853,38,2024-01-12,North,Credit Card,1678.41,success
3854,36,2024-01-27,East,Savings,1941.17,success
3855,226,2024-03-30,West,Savings,1606.008,success
3856,40,2024-03-16,West,Loan,1734.512,success
3857,444,2024-03-17,West,Loan,1305.192,success
3858,266,2024-01-01,West,Credit Card,2359.58,failed
3859,32,2024-01-07,South,Loan,2909.89,success
3860,171,2024-01-08,East,Loan,1707.8,failed
3861,228,2024-02-18,West,Credit Card,3226.18,success
3862,245,2024-02-25,South,Credit Card,2991.82,success
3863,410,2024-01-14,West,Loan,2005.94,success
3864,197,2024-01-15,West,Loan,1926.43,success
3865,201,2024-02-15,West,Credit Card,1671.69,success
3866,115,2024-01-22,West,Loan,2436.99,success
3867,394,2024-03-29,North,Credit Card,1631.3760000000002,success
3868,78,2024-02-08,West,Loan,2091.5,success
3869,157,2024-01-02,North,Credit Card,1582.86,success
3870,54,2024-01-14,West,Savings,2452.48,success
3871,123,2024-03-16,East,Loan,1509.68,success
3872,362,2024-01-14,North,Loan,1472.65,failed
3873,486,2024-01-19,South,Credit Card,1966.38,success
3874,4,2024-03-19,East,Credit Card,1290.016,success
3875,28,2024-03-11,North,Savings,2684.05,success
3876,490,2024-03-17,South,Savings,2386.768,success
3877,418,2024-02-05,North,Savings,1980.43,success
3878,457,2024-02-05,North,Savings,2537.61,success
3879,428,2024-01-22,South,Credit Card,2523.64,failed
3880,227,2024-01-18,West,Loan,522.88,success
3881,216,2024-03-29,East,Loan,1343.3120000000001,success
3882,123,2024-03-27,East,Savings,1648.896,success
3883,435,2024-02-16,West,Savings,1790.52,success
3884,355,2024-03-31,South,Credit Card,1313.7920000000001,success
3885,336,2024-03-28,East,Savings,2048.6,success
3886,165,2024-03-22,South,Savings,1417.3200000000002,success
3887,470,2024-03-20,West,Credit Card,1735.6000000000001,success
3888,486,2024-01-15,South,Savings,2510.82,success
3889,412,2024-02-07,West,Loan,2718.18,success
3890,257,2024-01-06,West,Credit Card,1474.91,success
3891,394,2024-02-07,North,Credit Card,1513.85,success
3892,144,2024-02-23,South,Loan,2111.96,success
3893,10,2024-01-02,North,Loan,1026.74,success
3894,182,2024-03-30,South,Credit Card,1228.7120000000002,success
3895,125,2024-01-08,East,Loan,2621.71,success
3896,211,2024-02-13,South,Credit Card,2317.66,success
3897,308,2024-03-31,South,Credit Card,1552.9360000000001,success
3898,317,2024-01-23,West,Loan,2237.32,success
3899,136,2024-01-13,North,Credit Card,2353.8,success
3900,60,2024-01-05,East,Credit Card,1312.18,success
3901,261,2024-02-02,South,Loan,1763.18,success
3902,175,2024-01-11,East,Credit Card,3184.64,failed
3903,488,2024-01-15,West,Credit Card,2697.72,failed
3904,390,2024-02-13,East,Savings,2120.9,failed
3905,213,2024-03-29,South,Savings,1720.56,success
3906,455,2024-02-23,East,Savings,1981.71,success
3907,279,2024-03-10,North,Loan,1131.1,success
3908,84,2024-01-02,East,Credit Card,1700.18,success
3909,367,2024-03-01,North,Loan,2205.98,success
3910,145,2024-03-02,South,Savings,1774.35,success
3911,224,2024-01-01,East,Credit Card,1491.04,success
3912,321,2024-01-19,West,Credit Card,1549.78,success
3913,370,2024-02-10,East,Loan,2709.73,success
3914,400,2024-01-10,East,Savings,1748.57,success
3915,214,2024-02-21,North,Loan,2589.43,success
3916,13,2024-03-28,South,Credit Card,1722.4560000000001,success
3917,304,2024-03-05,East,Loan,1884.47,success
3918,85,2024-01-21,North,Savings,1620.16,success
3919,478,2024-01-23,North,Savings,2331.82,success
3920,263,2024-02-18,North,Credit Card,2519.01,success
3921,415,2024-02-20,South,Credit Card,2382.11,success
3922,288,2024-01-06,North,Credit Card,1357.07,success
3923,212,2024-01-02,South,Savings,1747.26,failed
3924,98,2024-02-22,West,Savings,1803.28,success
3925,63,2024-01-20,West,Loan,1045.4,success
3926,323,2024-02-05,East,Credit Card,2232.13,success
3927,401,2024-01-18,East,Savings,2304.57,failed
3928,49,2024-03-19,North,Credit Card,1828.9759999999999,success
3929,253,2024-03-30,South,Credit Card,1758.816,failed
3930,370,2024-02-11,East,Savings,1843.66,success
3931,230,2024-03-26,North,Credit Card,1281.6080000000002,success
3932,232,2024-03-03,East,Loan,1841.96,success
3933,365,2024-02-04,East,Loan,2157.17,success
3934,127,2024-01-09,South,Savings,2641.4,success
3935,166,2024-03-09,East,Credit Card,2039.0,success
3936,350,2024-03-30,East,Loan,1617.624,success
3937,399,2024-02-02,South,Savings,1082.12,success
3938,368,2024-03-16,West,Credit Card,1752.5439999999999,success
3939,177,2024-02-22,South,Credit Card,2682.76,success
3940,396,2024-01-25,East,Loan,1945.07,success
3941,455,2024-03-08,East,Loan,1907.96,success
3942,450,2024-03-08,West,Credit Card,1812.25,success
3943,206,2024-02-28,East,Credit Card,2349.73,success
3944,409,2024-01-22,South,Savings,1062.5,success
3945,229,2024-01-12,West,Savings,2589.99,success
3946,231,2024-02-24,West,Savings,1886.53,success
3947,164,2024-01-16,East,Credit Card,2200.0,success
3948,107,2024-02-08,North,Credit Card,2391.01,success
3949,486,2024-02-27,South,Savings,1544.19,success
3950,152,2024-02-09,West,Savings,1990.04,success
3951,5,2024-01-19,East,Savings,1876.06,success
3952,294,2024-01-03,South,Savings,1432.91,success
3953,11,2024-02-17,West,Credit Card,2514.59,success
3954,236,2024-02-27,East,Credit Card,1836.73,success
3955,134,2024-03-31,South,Credit Card,1131.632,success
3956,358,2024-02-04,West,Credit Card,2019.86,success
3957,238,2024-01-01,North,Savings,1288.56,success
3958,279,2024-03-03,North,Savings,1774.5,success
3959,120,2024-02-11,South,Credit Card,2146.97,success
3960,112,2024-02-18,North,Credit Card,1243.08,success
3961,20,2024-03-10,East,Savings,2315.44,success
3962,204,2024-03-26,North,Savings,1636.464,success
3963,93,2024-02-11,North,Savings,2394.1,success
3964,185,2024-03-27,West,Savings,1910.4880000000003,success
3965,31,2024-01-20,West,Loan,1758.03,success
3966,213,2024-01-23,South,Credit Card,1770.99,success
3967,335,2024-02-11,South,Credit Card,2237.67,success
3968,105,2024-02-11,North,Savings,1472.01,success
3969,197,2024-03-03,West,Credit Card,1474.97,success
3970,131,2024-02-25,East,Savings,1691.61,success
3971,454,2024-03-13,North,Savings,1326.0,success
3972,187,2024-01-01,East,Savings,1409.51,success
3973,258,2024-01-18,South,Loan,1424.16,success
3974,346,2024-02-23,North,Savings,1838.48,success
3975,296,2024-01-30,West,Credit Card,1816.38,success
3976,242,2024-03-27,South,Loan,1979.2560000000003,success
3977,170,2024-02-17,East,Credit Card,1847.02,success
3978,370,2024-02-24,East,Credit Card,1952.33,success
3979,310,2024-01-17,North,Loan,2865.16,failed
3980,481,2024-02-16,South,Credit Card,877.21,success
3981,245,2024-02-21,South,Credit Card,2097.7,success
3982,156,2024-02-24,South,Savings,1887.25,failed
3983,420,2024-02-02,North,Savings,2147.76,success
3984,178,2024-02-26,West,Credit Card,1720.6,success
3985,376,2024-01-09,North,Loan,1843.96,success
3986,185,2024-01-02,West,Savings,2614.43,success
3987,5,2024-01-18,East,Loan,2230.54,success
3988,391,2024-03-06,North,Savings,1867.82,success
3989,289,2024-01-14,East,Loan,1612.9,success
3990,407,2024-01-19,South,Credit Card,1470.39,success
3991,205,2024-02-20,South,Loan,1749.87,success
3992,198,2024-01-09,North,Savings,613.09,failed
3993,165,2024-01-02,South,Loan,1910.19,success
3994,120,2024-01-16,South,Savings,2862.85,success
3995,114,2024-02-11,South,Loan,2060.92,failed
3996,277,2024-01-02,West,Credit Card,1666.33,success
3997,254,2024-01-27,South,Credit Card,879.04,success
3998,163,2024-01-12,East,Loan,1599.83,success
3999,393,2024-01-12,East,Loan,1750.51,success
4000,340,2024-01-30,North,Loan,2108.6,success
4001,158,2024-01-26,West,Savings,1767.62,success
4002,57,2024-02-08,West,Savings,2891.45,success
4003,90,2024-03-29,East,Savings,1501.064,success
4004,179,2024-03-20,East,Savings,1994.1599999999999,failed
4005,55,2024-02-05,East,Credit Card,1207.08,success
4006,46,2024-02-27,West,Loan,1963.45,success
4007,101,2024-02-05,South,Loan,1604.61,success
4008,302,2024-03-09,South,Credit Card,2507.97,success
4009,174,2024-03-21,North,Savings,1438.6480000000001,success
4010,383,2024-02-02,West,Credit Card,2630.42,success
4011,163,2024-01-04,East,Loan,2308.33,success
4012,283,2024-01-20,South,Savings,1735.5,success
4013,298,2024-03-01,South,Credit Card,1462.13,success
4014,323,2024-01-03,East,Credit Card,1631.97,success
4015,51,2024-02-10,West,Savings,1844.53,success
4016,290,2024-03-28,North,Loan,1843.9520000000002,success
4017,304,2024-01-25,East,Credit Card,1980.04,failed
4018,475,2024-02-25,North,Credit Card,2397.46,success
4019,139,2024-01-05,South,Credit Card,2674.57,success
4020,287,2024-02-08,West,Credit Card,2005.93,success
4021,478,2024-02-25,North,Savings,1509.61,success
4022,165,2024-02-20,South,Loan,2171.05,success
4023,60,2024-01-21,East,Loan,2958.63,success
4024,465,2024-02-10,South,Loan,2427.6,success
4025,65,2024-02-25,South,Loan,2132.15,success
4026,313,2024-01-11,East,Loan,1566.01,success
4027,443,2024-01-20,South,Credit Card,1893.2,success
4028,293,2024-02-21,South,Savings,1233.66,success
4029,287,2024-01-20,West,Savings,1435.7,success
4030,180,2024-01-22,West,Loan,2181.5,success
4031,444,2024-02-07,West,Savings,1139.46,success
4032,316,2024-01-23,West,Savings,1820.8,success
4033,272,2024-03-04,North,Credit Card,1387.5,success
4034,265,2024-02-18,North,Credit Card,1457.13,success
4035,262,2024-01-28,West,Credit Card,2014.9,success
4036,63,2024-03-04,West,Savings,1632.59,success
4037,73,2024-01-08,North,Savings,1300.39,success
4038,379,2024-02-11,North,Savings,1719.03,success
4039,224,2024-02-24,East,Credit Card,1285.55,success
4040,237,2024-02-12,West,Savings,2594.61,success
4041,238,2024-03-15,North,Credit Card,2333.62,success
4042,238,2024-02-14,North,Credit Card,2331.27,success
4043,390,2024-02-27,East,Credit Card,1588.57,success
4044,346,2024-03-22,North,Savings,1758.5439999999999,failed
4045,145,2024-01-15,South,Savings,2084.87,success
4046,235,2024-01-05,North,Savings,1622.25,success
4047,492,2024-03-16,West,Loan,1559.208,success
4048,245,2024-01-02,South,Savings,1213.51,success
4049,223,2024-03-27,East,Savings,1178.9840000000002,failed
4050,198,2024-01-22,North,Savings,1935.56,success
4051,410,2024-03-30,West,Savings,1396.3600000000001,success
4052,172,2024-03-31,North,Loan,1722.2640000000001,success
4053,119,2024-03-13,South,Savings,1634.37,success
4054,77,2024-03-23,East,Loan,1449.8400000000001,success
4055,310,2024-03-01,North,Savings,1975.59,success
4056,349,2024-02-19,North,Loan,1596.17,success
4057,397,2024-01-12,South,Credit Card,1804.22,success
4058,132,2024-02-18,East,Savings,2081.4,success
4059,457,2024-02-09,North,Loan,2747.52,success
4060,398,2024-01-15,East,Loan,1598.86,success
4061,435,2024-02-13,West,Credit Card,1747.68,success
4062,332,2024-01-31,South,Credit Card,3360.96,failed
4063,210,2024-02-18,West,Credit Card,2422.23,success
4064,371,2024-02-12,South,Loan,2550.87,success
4065,387,2024-03-08,South,Credit Card,2246.0,success
4066,281,2024-02-12,East,Loan,2536.46,success
4067,164,2024-02-15,East,Savings,1573.3,success
4068,159,2024-02-05,West,Savings,2482.66,success
4069,299,2024-03-12,East,Loan,2352.17,success
4070,405,2024-02-07,South,Savings,1451.19,success
4071,377,2024-01-12,South,Loan,1819.19,success
4072,187,2024-02-25,East,Credit Card,965.81,success
4073,471,2024-02-17,East,Loan,2044.7,success
4074,324,2024-03-14,East,Savings,2472.66,success
4075,388,2024-02-10,South,Credit Card,1723.72,success
4076,407,2024-01-28,South,Credit Card,1501.39,success
4077,459,2024-01-19,East,Credit Card,1470.48,success
4078,482,2024-03-17,East,Savings,1574.6480000000001,success
4079,251,2024-03-18,East,Credit Card,1793.1200000000001,success
4080,374,2024-03-20,North,Loan,2207.984,success
4081,301,2024-03-04,North,Savings,932.1,success
4082,376,2024-03-13,North,Savings,2686.14,success
4083,403,2024-01-25,West,Loan,2071.02,success
4084,453,2024-01-26,North,Credit Card,2446.59,success
4085,342,2024-01-19,South,Credit Card,2320.95,success
4086,127,2024-03-26,South,Credit Card,1598.3680000000002,success
4087,21,2024-03-04,North,Credit Card,1979.37,success
4088,442,2024-01-16,West,Credit Card,2167.16,success
4089,406,2024-02-06,East,Credit Card,1855.01,success
4090,362,2024-03-23,North,Savings,1514.1840000000002,success
4091,439,2024-03-03,South,Savings,199.46,success
4092,26,2024-02-06,East,Savings,2266.39,success
4093,326,2024-03-13,West,Loan,1597.24,success
4094,8,2024-02-03,West,Savings,2497.18,success
4095,346,2024-01-01,North,Loan,2451.14,failed
4096,469,2024-03-17,East,Loan,1400.048,success
4097,323,2024-03-26,East,Credit Card,1817.2160000000001,success
4098,426,2024-02-17,North,Credit Card,2204.84,success
4099,82,2024-03-02,North,Savings,1701.5,success
4100,81,2024-01-16,East,Credit Card,2309.18,success
4101,312,2024-02-23,East,Credit Card,2727.8,success
4102,459,2024-01-06,East,Loan,2515.83,success
4103,464,2024-03-25,North,Savings,1036.432,success
4104,24,2024-03-13,South,Credit Card,2222.45,success
4105,117,2024-03-06,North,Loan,2425.36,success
4106,123,2024-03-01,East,Savings,1671.48,success
4107,176,2024-02-24,South,Loan,2497.28,failed
4108,162,2024-02-27,North,Savings,1619.12,success
4109,314,2024-01-06,North,Credit Card,1850.15,success
4110,277,2024-02-21,West,Loan,1636.61,success
4111,235,2024-01-04,North,Savings,1561.19,failed
4112,187,2024-01-27,East,Loan,2166.36,failed
4113,16,2024-01-02,West,Credit Card,1333.43,success
4114,7,2024-01-16,North,Loan,1876.33,success
4115,225,2024-01-22,South,Savings,2166.62,success
4116,464,2024-03-29,North,Loan,1314.3760000000002,success
4117,408,2024-01-29,East,Savings,2589.21,success
4118,414,2024-01-20,West,Savings,1913.98,success
4119,451,2024-02-10,North,Loan,2719.08,failed
4120,311,2024-01-23,East,Loan,2818.61,success
4121,254,2024-02-19,South,Credit Card,1284.32,success
4122,64,2024-03-27,West,Savings,1749.0560000000003,success
4123,169,2024-01-03,West,Savings,2083.25,success
4124,492,2024-03-01,West,Savings,1797.92,success
4125,17,2024-02-16,South,Loan,2000.9,success
4126,192,2024-02-14,North,Savings,3355.17,failed
4127,73,2024-03-20,North,Savings,1807.9520000000002,success
4128,275,2024-02-06,North,Loan,2354.71,success
4129,0,2024-01-20,South,Credit Card,1929.72,success
4130,413,2024-01-16,North,Loan,2192.86,success
4131,66,2024-02-05,West,Loan,1595.05,success
4132,215,2024-01-19,East,Credit Card,2364.91,failed
4133,40,2024-01-16,West,Credit Card,2695.96,success
4134,116,2024-01-20,South,Loan,2405.01,failed
4135,400,2024-02-29,East,Credit Card,1637.57,success
4136,189,2024-03-31,South,Credit Card,1217.576,success
4137,442,2024-02-20,West,Loan,3158.82,success
4138,355,2024-03-27,South,Savings,2125.688,success
4139,351,2024-01-31,East,Credit Card,2356.63,success
4140,129,2024-02-24,North,Credit Card,2733.93,success
4141,398,2024-03-04,East,Loan,1984.87,success
4142,404,2024-02-12,South,Loan,2346.91,success
4143,76,2024-01-17,South,Loan,2583.26,success
4144,302,2024-02-16,South,Credit Card,1854.78,success
4145,6,2024-01-05,South,Credit Card,2222.07,success
4146,386,2024-01-31,West,Loan,2520.03,success
4147,372,2024-03-17,East,Loan,1192.456,success
4148,1,2024-01-09,North,Savings,1806.94,success
4149,158,2024-01-20,West,Savings,2507.61,success
4150,255,2024-02-16,West,Credit Card,2096.7,success
4151,468,2024-01-26,West,Savings,2029.85,success
4152,282,2024-01-16,East,Credit Card,1971.08,success
4153,109,2024-02-04,North,Loan,2563.89,success
4154,354,2024-02-18,South,Savings,1537.46,success
4155,316,2024-01-28,West,Credit Card,1774.9,success
4156,487,2024-01-23,North,Savings,1329.76,failed
4157,53,2024-01-29,West,Credit Card,1840.09,success
4158,370,2024-02-22,East,Credit Card,2072.16,success
4159,364,2024-02-13,South,Loan,1083.15,success
4160,327,2024-02-24,North,Loan,1602.01,success
4161,434,2024-02-29,East,Savings,2095.94,success
4162,325,2024-01-15,West,Loan,2213.98,success
4163,347,2024-02-04,West,Credit Card,2861.54,success
4164,108,2024-01-23,North,Credit Card,2288.54,success
4165,418,2024-02-19,North,Loan,1910.99,success
4166,190,2024-01-30,North,Savings,2058.79,success
4167,437,2024-02-24,North,Credit Card,2075.7,success
4168,499,2024-02-26,South,Loan,1775.65,success
4169,253,2024-02-01,South,Loan,2117.13,success
4170,56,2024-01-13,East,Savings,1752.9,success
4171,467,2024-03-01,North,Loan,2141.92,success
4172,495,2024-02-24,East,Savings,1970.58,success
4173,468,2024-03-02,West,Savings,1889.53,success
4174,464,2024-03-02,North,Savings,1903.2,success
4175,474,2024-02-13,East,Credit Card,2372.29,success
4176,382,2024-02-23,South,Credit Card,2320.97,success
4177,336,2024-02-05,East,Credit Card,1864.87,success
4178,244,2024-01-12,South,Savings,2351.75,success
4179,377,2024-01-21,South,Loan,1961.09,success
4180,398,2024-01-11,East,Savings,1968.55,success
4181,199,2024-03-19,West,Credit Card,1420.848,success
4182,407,2024-03-01,South,Credit Card,2796.48,success
4183,332,2024-01-28,South,Loan,2732.61,success
4184,399,2024-01-31,South,Savings,1674.67,success
4185,400,2024-01-20,East,Loan,1836.68,success
4186,398,2024-03-20,East,Savings,1744.0880000000002,failed
4187,393,2024-02-28,East,Savings,2270.66,success
4188,33,2024-01-27,South,Credit Card,1499.69,success
4189,351,2024-02-01,East,Savings,1572.45,success
4190,429,2024-03-29,West,Loan,459.98400000000004,success
4191,489,2024-01-13,West,Credit Card,2272.29,success
4192,334,2024-02-15,East,Loan,1291.87,success
4193,346,2024-02-09,North,Loan,1678.61,success
4194,115,2024-03-15,West,Savings,2430.09,success
4195,373,2024-02-24,West,Loan,2405.13,success
4196,142,2024-03-18,West,Savings,2210.728,success
4197,308,2024-02-16,South,Savings,2951.28,success
4198,133,2024-03-02,North,Loan,3412.11,success
4199,169,2024-02-02,West,Savings,1822.9,success
4200,66,2024-02-27,West,Credit Card,1708.97,success
4201,448,2024-02-25,South,Loan,2199.52,failed
4202,178,2024-02-10,West,Savings,1339.96,success
4203,259,2024-01-10,North,Loan,1880.62,success
4204,52,2024-02-06,South,Savings,2070.8,success
4205,241,2024-01-05,North,Savings,2237.63,success
4206,303,2024-01-28,West,Savings,2292.26,success
4207,44,2024-01-05,West,Loan,1865.93,success
4208,158,2024-01-15,West,Credit Card,1402.91,success
4209,388,2024-01-08,South,Credit Card,1493.68,success
4210,363,2024-01-28,West,Credit Card,1032.29,success
4211,85,2024-02-01,North,Savings,1725.42,success
4212,29,2024-01-13,North,Credit Card,1329.94,success
4213,252,2024-01-17,West,Credit Card,1757.16,success
4214,323,2024-01-28,East,Loan,2194.41,success
4215,358,2024-01-16,West,Credit Card,1413.06,success
4216,222,2024-02-27,East,Savings,2042.8,success
4217,405,2024-01-02,South,Credit Card,1860.81,success
4218,136,2024-03-21,North,Credit Card,1734.0240000000003,failed
4219,99,2024-02-29,West,Savings,2282.39,success
4220,21,2024-01-01,North,Loan,1831.06,success
4221,212,2024-02-03,South,Loan,2001.12,success
4222,207,2024-02-25,West,Loan,1862.68,success
4223,209,2024-01-06,East,Credit Card,1771.39,success
4224,321,2024-01-24,West,Savings,1655.44,failed
4225,4,2024-01-06,East,Credit Card,2233.85,success
4226,177,2024-02-05,South,Savings,2655.3,success
4227,297,2024-01-08,South,Credit Card,2585.55,failed
4228,458,2024-03-04,South,Credit Card,1371.72,success
4229,200,2024-01-17,West,Savings,2644.6,success
4230,262,2024-02-22,West,Credit Card,1546.89,failed
4231,140,2024-01-28,South,Savings,2070.99,success
4232,278,2024-01-21,North,Savings,2156.86,success
4233,112,2024-03-30,North,Credit Card,1006.1600000000001,success
4234,379,2024-02-10,North,Loan,1912.68,failed
4235,157,2024-03-01,North,Loan,2680.08,success
4236,454,2024-02-26,North,Savings,890.72,success
4237,387,2024-02-26,South,Credit Card,3209.39,success
4238,228,2024-02-22,West,Savings,1013.96,success
4239,467,2024-01-22,North,Savings,2144.01,success
4240,394,2024-01-16,North,Loan,1278.04,success
4241,472,2024-02-19,North,Savings,2222.43,success
4242,48,2024-03-16,West,Loan,2048.384,success
4243,40,2024-02-12,West,Loan,2402.79,success
4244,53,2024-01-31,West,Loan,1292.24,failed
4245,270,2024-03-25,North,Savings,1991.152,success
4246,174,2024-01-06,North,Credit Card,1864.81,success
4247,30,2024-01-28,East,Savings,1305.11,failed
4248,38,2024-01-31,North,Loan,2676.02,success
4249,421,2024-01-23,East,Savings,3049.7,success
4250,226,2024-02-26,West,Loan,2045.66,success
4251,303,2024-01-14,West,Savings,1809.77,success
4252,452,2024-01-10,West,Savings,1609.93,success
4253,339,2024-02-02,South,Credit Card,2367.63,success
4254,198,2024-01-05,North,Savings,2515.12,success
4255,307,2024-03-24,West,Loan,1447.9840000000002,success
4256,235,2024-03-02,North,Savings,2798.7,success
4257,274,2024-02-07,North,Savings,2322.34,success
4258,394,2024-01-15,North,Savings,2039.96,failed
4259,117,2024-01-13,North,Credit Card,2160.47,success
4260,446,2024-03-18,West,Credit Card,1204.856,success
4261,114,2024-01-05,South,Savings,2361.52,success
4262,153,2024-01-31,West,Loan,1535.54,success
4263,178,2024-01-10,West,Credit Card,1747.94,success
4264,105,2024-03-30,North,Savings,1570.856,success
4265,236,2024-01-19,East,Savings,2944.64,success
4266,201,2024-01-08,West,Savings,2119.09,success
4267,232,2024-03-24,East,Savings,1263.688,failed
4268,122,2024-03-05,West,Credit Card,2162.38,success
4269,281,2024-01-03,East,Loan,2290.28,success
4270,380,2024-02-19,West,Loan,2604.62,success
4271,358,2024-02-03,West,Loan,1987.86,success
4272,253,2024-03-16,South,Credit Card,1317.0240000000001,success
4273,395,2024-01-03,South,Savings,3104.93,success
4274,172,2024-03-04,North,Savings,2163.5,success
4275,485,2024-02-04,North,Loan,1582.44,success
4276,406,2024-03-13,East,Loan,1983.49,failed
4277,267,2024-03-12,South,Savings,1748.17,success
4278,487,2024-01-30,North,Loan,2638.93,success
4279,440,2024-01-21,West,Credit Card,2285.24,success
4280,338,2024-02-01,West,Savings,1843.58,success
4281,330,2024-03-30,East,Credit Card,2012.3680000000002,success
4282,77,2024-02-10,East,Credit Card,1943.22,success
4283,285,2024-03-23,North,Credit Card,1577.656,success
4284,452,2024-03-31,West,Loan,1306.832,failed
4285,320,2024-01-02,North,Loan,1629.88,success
4286,51,2024-02-09,West,Savings,3060.5,success
4287,205,2024-03-27,South,Savings,1991.1360000000002,success
4288,493,2024-01-30,North,Loan,1094.01,success
4289,1,2024-01-10,North,Savings,1524.65,success
4290,163,2024-02-15,East,Loan,1429.03,success
4291,356,2024-01-10,East,Loan,2029.95,success
4292,53,2024-01-23,West,Loan,1792.54,success
4293,232,2024-01-22,East,Loan,2750.98,success
4294,203,2024-02-28,West,Credit Card,1836.69,success
4295,40,2024-01-20,West,Credit Card,2992.69,success
4296,490,2024-03-23,South,Loan,1566.488,failed
4297,180,2024-01-19,West,Savings,3127.02,success
4298,146,2024-03-15,South,Savings,1898.83,success
4299,374,2024-03-21,North,Credit Card,1526.7040000000002,success
4300,415,2024-01-26,South,Loan,2476.59,success
4301,119,2024-02-12,South,Savings,2394.54,success
4302,451,2024-02-14,North,Savings,1353.44,success
4303,142,2024-02-17,West,Loan,2041.94,success
4304,189,2024-02-02,South,Credit Card,1788.15,success
4305,167,2024-03-04,West,Savings,1755.42,success
4306,450,2024-02-13,West,Loan,2039.52,failed
4307,387,2024-02-23,South,Loan,1855.92,success
4308,212,2024-02-21,South,Savings,2091.51,failed
4309,298,2024-03-02,South,Credit Card,1504.24,success
4310,273,2024-01-13,East,Savings,1248.48,success
4311,343,2024-02-21,South,Savings,2497.85,success
4312,8,2024-02-20,West,Savings,2582.21,failed
4313,214,2024-03-09,North,Savings,2462.84,success
4314,84,2024-01-22,East,Loan,2017.17,success
4315,63,2024-02-29,West,Savings,1818.75,success
4316,431,2024-01-09,North,Credit Card,1690.82,success
4317,331,2024-02-19,East,Credit Card,1602.55,success
4318,331,2024-01-30,East,Savings,1958.65,success
4319,327,2024-02-06,North,Savings,2568.1,success
4320,185,2024-03-06,West,Credit Card,1651.32,success
4321,398,2024-02-07,East,Savings,2569.08,success
4322,109,2024-02-07,North,Credit Card,1270.62,success
4323,233,2024-01-29,West,Savings,2117.57,success
4324,374,2024-02-16,North,Credit Card,2220.18,failed
4325,72,2024-01-13,East,Credit Card,1739.52,success
4326,175,2024-01-17,East,Loan,1474.78,success
4327,94,2024-02-19,North,Credit Card,2423.06,success
4328,467,2024-03-18,North,Credit Card,1616.7600000000002,success
4329,302,2024-03-25,South,Loan,2654.664,success
4330,225,2024-03-26,South,Credit Card,2061.4,success
4331,416,2024-01-04,East,Loan,2581.29,failed
4332,18,2024-03-27,East,Credit Card,641.5680000000001,success
4333,233,2024-03-29,West,Loan,1328.4080000000001,success
4334,321,2024-02-17,West,Loan,1421.29,failed
4335,399,2024-03-15,South,Savings,1009.58,success
4336,160,2024-03-12,North,Credit Card,1980.84,success
4337,58,2024-01-20,North,Loan,2409.38,success
4338,64,2024-01-17,West,Credit Card,1518.3,success
4339,131,2024-01-03,East,Savings,1033.97,success
4340,402,2024-01-14,East,Loan,1555.57,success
4341,438,2024-01-14,East,Credit Card,1920.13,success
4342,331,2024-03-27,East,Loan,1507.088,success
4343,231,2024-02-20,West,Loan,2005.27,success
4344,53,2024-02-25,West,Loan,2209.35,success
4345,19,2024-01-05,East,Credit Card,1993.01,success
4346,239,2024-02-17,North,Savings,2439.51,failed
4347,26,2024-01-19,East,Savings,1526.75,success
4348,221,2024-03-21,South,Loan,1490.8000000000002,failed
4349,482,2024-03-16,East,Credit Card,1834.0080000000003,success
4350,475,2024-01-21,North,Credit Card,2140.6,success
4351,145,2024-02-17,South,Credit Card,2916.28,success
4352,35,2024-02-03,South,Savings,1545.75,success
4353,122,2024-02-14,West,Credit Card,2302.05,success
4354,50,2024-01-15,East,Loan,1684.98,success
4355,69,2024-01-02,North,Savings,1632.92,success
4356,294,2024-03-28,South,Loan,2033.8000000000002,failed
4357,56,2024-03-17,East,Loan,1589.928,success
4358,204,2024-03-04,North,Savings,2131.88,success
4359,422,2024-01-05,North,Credit Card,1720.6,success
4360,76,2024-02-04,South,Loan,1747.79,success
4361,227,2024-03-22,West,Credit Card,992.04,failed
4362,447,2024-01-11,South,Loan,2091.05,success
4363,49,2024-03-24,North,Credit Card,1185.616,failed
4364,43,2024-03-17,West,Credit Card,1543.3200000000002,success
4365,135,2024-02-20,East,Savings,2438.91,failed
4366,301,2024-02-05,North,Loan,1115.93,success
4367,491,2024-02-07,North,Loan,3496.41,success
4368,404,2024-01-07,South,Savings,1623.4,success
4369,458,2024-02-20,South,Loan,1943.2,success
4370,155,2024-02-03,West,Savings,2131.25,success
4371,246,2024-03-10,West,Credit Card,1607.92,success
4372,278,2024-03-28,North,Credit Card,1411.696,success
4373,59,2024-01-07,West,Savings,2560.59,success
4374,415,2024-03-27,South,Credit Card,1902.816,success
4375,145,2024-02-29,South,Loan,1873.69,success
4376,416,2024-02-07,East,Loan,1999.09,success
4377,302,2024-02-23,South,Savings,2069.99,success
4378,488,2024-01-25,West,Savings,2278.7,success
4379,146,2024-02-29,South,Credit Card,2316.11,success
4380,59,2024-02-25,West,Credit Card,2302.03,success
4381,75,2024-03-22,West,Credit Card,1435.9920000000002,success
4382,28,2024-01-02,North,Loan,2053.85,success
4383,380,2024-03-07,West,Credit Card,2499.11,success
4384,362,2024-01-02,North,Loan,3103.23,success
4385,444,2024-03-28,West,Loan,1631.856,success
4386,400,2024-03-17,East,Loan,1383.848,success
4387,401,2024-03-04,East,Loan,1599.26,success
4388,78,2024-02-21,West,Savings,2306.13,success
4389,57,2024-01-05,West,Loan,1220.28,success
4390,362,2024-02-04,North,Loan,2311.47,success
4391,422,2024-03-12,North,Loan,2320.77,success
4392,232,2024-01-20,East,Savings,1746.68,success
4393,144,2024-01-11,South,Credit Card,2119.94,success
4394,171,2024-01-05,East,Loan,1889.64,success
4395,353,2024-01-30,East,Credit Card,1333.66,success
4396,360,2024-02-14,South,Savings,2272.31,success
4397,497,2024-03-06,North,Loan,2224.72,success
4398,6,2024-03-18,South,Savings,1426.9440000000002,failed
4399,22,2024-01-01,North,Loan,3092.87,success
4400,348,2024-02-25,East,Credit Card,2003.19,success
4401,107,2024-02-07,North,Loan,1075.87,success
4402,56,2024-03-07,East,Loan,2528.05,success
4403,404,2024-01-01,South,Credit Card,2394.15,failed
4404,472,2024-01-11,North,Credit Card,2457.04,success
4405,114,2024-02-22,South,Savings,1506.48,success
4406,415,2024-03-17,South,Credit Card,1685.128,success
4407,6,2024-01-03,South,Loan,1994.82,failed
4408,343,2024-03-08,South,Savings,1913.06,success
4409,268,2024-03-12,North,Credit Card,2669.3,success
4410,355,2024-02-09,South,Credit Card,2010.0,success
4411,166,2024-03-27,East,Credit Card,1440.0720000000001,success
4412,347,2024-01-15,West,Savings,1795.33,success
4413,403,2024-03-16,West,Savings,1177.5520000000001,success
4414,23,2024-01-23,North,Credit Card,2057.47,success
4415,71,2024-01-04,East,Credit Card,2713.66,success
4416,462,2024-01-29,North,Loan,1838.42,success
4417,295,2024-02-04,East,Savings,2134.41,success
4418,39,2024-01-31,North,Savings,1905.4,success
4419,330,2024-01-26,East,Credit Card,1956.83,success
4420,65,2024-03-16,South,Credit Card,1934.5919999999999,success
4421,487,2024-03-03,North,Loan,1466.14,success
4422,232,2024-01-10,East,Savings,1261.67,success
4423,324,2024-02-01,East,Loan,2528.9,success
4424,222,2024-03-24,East,Credit Card,1387.1440000000002,success
4425,412,2024-03-07,West,Credit Card,1805.72,success
4426,208,2024-01-10,East,Credit Card,3229.94,success
4427,349,2024-01-02,North,Loan,2390.75,success
4428,273,2024-02-24,East,Savings,1567.86,success
4429,455,2024-02-15,East,Savings,2567.81,success
4430,380,2024-03-01,West,Savings,2403.34,success
4431,461,2024-02-11,East,Savings,528.43,success
4432,470,2024-02-04,West,Loan,2075.83,success
4433,330,2024-03-04,East,Savings,1488.12,success
4434,441,2024-02-09,East,Savings,1955.81,success
4435,116,2024-03-04,South,Credit Card,3105.34,success
4436,83,2024-03-23,East,Credit Card,1952.96,success
4437,43,2024-01-26,West,Loan,2513.74,success
4438,383,2024-01-13,West,Loan,1906.39,success
4439,112,2024-02-26,North,Savings,2516.33,success
4440,128,2024-03-15,East,Loan,1639.22,success
4441,81,2024-03-02,East,Loan,2069.43,success
4442,306,2024-02-14,North,Loan,2415.75,failed
4443,195,2024-03-29,North,Credit Card,1919.2400000000002,success
4444,319,2024-03-30,West,Credit Card,1030.336,success
4445,157,2024-01-07,North,Savings,2955.8,success
4446,233,2024-03-26,West,Savings,1238.9360000000001,success
4447,40,2024-03-14,West,Loan,3349.16,success
4448,64,2024-03-13,West,Credit Card,2431.96,failed
4449,353,2024-02-20,East,Credit Card,2384.57,success
4450,467,2024-03-07,North,Savings,1587.35,success
4451,211,2024-01-22,South,Loan,1753.54,success
4452,421,2024-03-22,East,Credit Card,2323.056,failed
4453,402,2024-03-21,East,Credit Card,2256.568,success
4454,377,2024-03-21,South,Savings,1535.968,success
4455,163,2024-02-17,East,Credit Card,1878.29,success
4456,292,2024-01-26,East,Loan,1892.4,failed
4457,396,2024-01-08,East,Savings,2571.7,success
4458,241,2024-03-03,North,Loan,2515.69,success
4459,298,2024-01-08,South,Credit Card,2194.09,success
4460,44,2024-01-28,West,Loan,2074.39,success
4461,61,2024-02-18,East,Savings,1914.37,failed
4462,459,2024-01-15,East,Savings,3291.79,success
4463,443,2024-01-10,South,Credit Card,1334.89,success
4464,26,2024-03-14,East,Loan,1811.79,success
4465,67,2024-01-31,West,Loan,2158.03,success
4466,38,2024-03-19,North,Loan,997.1120000000001,success
4467,391,2024-03-20,North,Savings,1377.3120000000001,success
4468,334,2024-03-28,East,Loan,2477.376,success
4469,41,2024-02-27,East,Savings,2477.85,success
4470,484,2024-03-08,North,Savings,1717.86,success
4471,284,2024-01-01,West,Credit Card,1703.65,failed
4472,315,2024-02-05,East,Savings,1338.18,success
4473,153,2024-02-28,West,Savings,1782.05,success
4474,120,2024-01-21,South,Savings,2284.32,success
4475,83,2024-03-07,East,Savings,2191.46,success
4476,64,2024-03-08,West,Credit Card,1806.99,success
4477,259,2024-03-09,North,Savings,1542.12,success
4478,165,2024-01-25,South,Loan,1907.86,success
4479,195,2024-02-06,North,Savings,1897.08,success
4480,319,2024-03-25,West,Loan,1923.864,failed
4481,202,2024-01-01,North,Savings,2115.36,success
4482,327,2024-03-05,North,Savings,2046.31,success
4483,288,2024-02-21,North,Credit Card,2621.43,success
4484,35,2024-02-04,South,Savings,2815.06,success
4485,26,2024-03-11,East,Loan,2185.17,success
4486,382,2024-02-26,South,Savings,2197.96,success
4487,443,2024-02-10,South,Savings,1941.41,success
4488,339,2024-02-18,South,Savings,1581.31,success
4489,130,2024-03-16,West,Credit Card,1958.3200000000002,success
4490,149,2024-02-18,North,Savings,2338.18,success
4491,301,2024-03-17,North,Savings,1584.928,success
4492,22,2024-02-24,North,Loan,2116.93,success
4493,281,2024-01-28,East,Credit Card,2582.5,failed
4494,326,2024-03-04,West,Credit Card,2676.18,success
4495,330,2024-02-27,East,Loan,817.57,success
4496,216,2024-03-04,East,Loan,1686.45,success
4497,59,2024-02-03,West,Credit Card,1979.54,success
4498,241,2024-03-26,North,Credit Card,1176.864,success
4499,138,2024-03-02,South,Savings,2130.38,success
4500,339,2024-01-09,South,Savings,1710.89,failed
4501,115,2024-01-31,West,Credit Card,2147.57,success
4502,495,2024-01-03,East,Credit Card,1725.04,success
4503,16,2024-03-06,West,Credit Card,1744.97,success
4504,61,2024-02-26,East,Savings,2143.64,success
4505,303,2024-02-09,West,Loan,2471.86,success
4506,497,2024-03-22,North,Savings,1845.384,success
4507,122,2024-01-08,West,Savings,1983.75,success
4508,133,2024-03-26,North,Savings,888.224,success
4509,472,2024-02-26,North,Savings,1733.5,success
4510,487,2024-03-15,North,Savings,1681.58,success
4511,439,2024-01-30,South,Credit Card,2370.51,success
4512,487,2024-02-02,North,Savings,2078.82,failed
4513,402,2024-01-29,East,Loan,2097.48,success
4514,204,2024-02-04,North,Savings,1602.17,success
4515,161,2024-02-13,North,Credit Card,2699.71,success
4516,90,2024-03-04,East,Savings,2094.04,success
4517,158,2024-02-13,West,Credit Card,1574.41,success
4518,399,2024-02-28,South,Credit Card,1606.71,success
4519,93,2024-03-03,North,Loan,2166.19,success
4520,443,2024-03-15,South,Loan,1557.14,success
4521,395,2024-02-20,South,Savings,1687.58,success
4522,438,2024-01-19,East,Loan,1449.36,success
4523,211,2024-01-08,South,Credit Card,2366.08,success
4524,495,2024-03-20,East,Loan,1254.232,success
4525,472,2024-03-15,North,Loan,2794.76,success
4526,412,2024-02-27,West,Credit Card,2229.19,success
4527,123,2024-03-14,East,Loan,1447.61,success
4528,305,2024-01-28,West,Loan,2301.86,success
4529,208,2024-02-19,East,Loan,2700.75,success
4530,380,2024-01-30,West,Loan,1962.16,success
4531,201,2024-01-19,West,Loan,2768.78,success
4532,4,2024-01-30,East,Credit Card,2239.07,success
4533,8,2024-02-19,West,Loan,1711.39,success
4534,227,2024-03-11,West,Credit Card,3107.16,success
4535,311,2024-02-06,East,Credit Card,1326.15,success
4536,62,2024-03-03,South,Loan,1839.12,success
4537,87,2024-02-07,East,Loan,1983.76,success
4538,414,2024-02-08,West,Savings,2991.85,success
4539,292,2024-03-09,East,Loan,2378.59,success
4540,59,2024-02-17,West,Credit Card,2285.57,success
4541,324,2024-01-19,East,Savings,1638.26,success
4542,255,2024-01-21,West,Loan,1943.42,success
4543,306,2024-03-02,North,Credit Card,1722.36,success
4544,218,2024-02-22,West,Savings,2267.73,success
4545,454,2024-02-10,North,Credit Card,2604.51,success
4546,405,2024-02-19,South,Credit Card,3252.72,success
4547,396,2024-03-09,East,Credit Card,1774.18,success
4548,235,2024-01-17,North,Loan,1313.8,success
4549,487,2024-02-27,North,Loan,1847.18,success
4550,412,2024-02-15,West,Savings,2524.1,success
4551,423,2024-02-24,West,Credit Card,1580.91,success
4552,424,2024-02-11,South,Loan,2001.53,failed
4553,159,2024-03-26,West,Savings,1833.848,failed
4554,339,2024-03-06,South,Savings,1783.85,success
4555,304,2024-02-16,East,Savings,2115.87,success
4556,159,2024-02-18,West,Credit Card,1536.31,success
4557,248,2024-01-31,North,Loan,2644.22,success
4558,175,2024-03-09,East,Loan,1883.2,success
4559,18,2024-01-19,East,Credit Card,2101.0,success
4560,298,2024-01-03,South,Loan,1127.62,success
4561,236,2024-03-04,East,Savings,1472.34,success
4562,136,2024-03-18,North,Savings,2004.152,success
4563,121,2024-01-20,North,Savings,1777.12,failed
4564,12,2024-02-05,East,Credit Card,1559.02,success
4565,441,2024-02-21,East,Loan,1278.64,success
4566,358,2024-01-02,West,Credit Card,2633.17,success
4567,174,2024-03-08,North,Loan,2354.97,success
4568,428,2024-01-14,South,Loan,2319.27,success
4569,183,2024-01-18,North,Savings,2848.81,success
4570,122,2024-02-06,West,Loan,1839.61,success
4571,192,2024-02-10,North,Credit Card,1318.98,success
4572,465,2024-01-29,South,Credit Card,2030.39,success
4573,68,2024-01-13,South,Credit Card,2963.14,failed
4574,316,2024-01-06,West,Loan,2040.64,success
4575,454,2024-03-18,North,Savings,2071.536,success
4576,101,2024-01-25,South,Credit Card,1335.5,success
4577,184,2024-02-20,West,Loan,1628.84,failed
4578,266,2024-03-17,West,Loan,1977.176,success
4579,434,2024-02-21,East,Credit Card,2090.63,success
4580,388,2024-02-17,South,Credit Card,1953.05,success
4581,91,2024-01-02,North,Credit Card,2581.5,success
4582,60,2024-03-08,East,Savings,2464.01,failed
4583,355,2024-01-15,South,Loan,2104.25,success
4584,128,2024-03-16,East,Credit Card,658.2080000000001,success
4585,107,2024-03-14,North,Credit Card,2009.13,success
4586,302,2024-02-15,South,Loan,2222.92,success
4587,383,2024-01-07,West,Loan,1138.87,success
4588,491,2024-03-23,North,Loan,1764.152,failed
4589,373,2024-02-19,West,Loan,2607.33,success
4590,171,2024-03-03,East,Savings,2008.19,success
4591,113,2024-01-29,East,Loan,1506.53,failed
4592,279,2024-01-09,North,Credit Card,872.1,success
4593,327,2024-03-19,North,Credit Card,1772.4,success
4594,111,2024-03-04,South,Loan,1190.41,failed
4595,367,2024-03-28,North,Credit Card,1851.896,success
4596,279,2024-02-23,North,Credit Card,2932.02,success
4597,362,2024-01-18,North,Savings,929.28,failed
4598,151,2024-01-06,North,Savings,1650.2,success
4599,194,2024-01-29,North,Credit Card,1895.31,success
4600,436,2024-02-05,East,Savings,2967.93,success
4601,1,2024-01-04,North,Loan,2067.93,success
4602,388,2024-03-07,South,Savings,1781.87,success
4603,298,2024-02-15,South,Savings,2524.06,success
4604,328,2024-02-26,North,Savings,1807.91,success
4605,466,2024-02-25,South,Credit Card,1618.93,success
4606,262,2024-03-29,West,Credit Card,1845.304,success
4607,138,2024-01-01,South,Savings,2568.89,success
4608,303,2024-01-05,West,Savings,745.52,success
4609,468,2024-03-10,West,Loan,1615.62,success
4610,70,2024-02-22,South,Loan,2109.36,success
4611,430,2024-02-09,South,Credit Card,1916.59,success
4612,257,2024-01-15,West,Savings,1994.0,success
4613,453,2024-03-04,North,Credit Card,1510.99,success
4614,78,2024-02-05,West,Savings,2346.85,success
4615,368,2024-03-07,West,Loan,2792.25,success
4616,42,2024-01-29,East,Credit Card,1604.99,success
4617,384,2024-01-01,North,Credit Card,2346.41,success
4618,242,2024-01-07,South,Savings,2510.98,success
4619,124,2024-01-26,East,Savings,2105.6,success
4620,87,2024-01-20,East,Credit Card,2323.45,success
4621,459,2024-02-19,East,Credit Card,1657.78,success
4622,227,2024-02-25,West,Savings,2757.71,success
4623,212,2024-01-09,South,Credit Card,2573.24,success
4624,361,2024-02-24,West,Savings,2637.34,success
4625,385,2024-01-13,East,Loan,1432.18,failed
4626,417,2024-03-25,North,Savings,1803.7200000000003,success
4627,318,2024-01-02,East,Credit Card,1691.96,success
4628,198,2024-02-24,North,Credit Card,2808.52,success
4629,271,2024-02-10,North,Savings,1614.79,success
4630,0,2024-02-13,South,Credit Card,2126.1,success
4631,475,2024-02-15,North,Loan,1014.85,success
4632,3,2024-03-02,East,Savings,2123.45,success
4633,135,2024-03-14,East,Loan,1437.4,success
4634,447,2024-02-10,South,Loan,2281.43,success
4635,253,2024-03-04,South,Credit Card,1931.13,success
4636,474,2024-02-11,East,Savings,1822.03,failed
4637,92,2024-03-15,South,Credit Card,2823.94,success
4638,223,2024-01-10,East,Savings,3152.97,success
4639,395,2024-01-15,South,Savings,1300.33,success
4640,194,2024-03-12,North,Credit Card,1837.57,success
4641,401,2024-03-30,East,Savings,1943.8560000000002,success
4642,42,2024-02-04,East,Loan,2192.48,success
4643,324,2024-03-22,East,Loan,1919.4240000000002,success
4644,86,2024-01-16,West,Savings,1966.28,success
4645,442,2024-01-21,West,Loan,2596.81,success
4646,453,2024-03-01,North,Loan,2103.74,success
4647,331,2024-01-16,East,Savings,2222.84,success
4648,499,2024-01-27,South,Credit Card,1437.94,success
4649,457,2024-02-04,North,Savings,2051.27,success
4650,200,2024-03-27,West,Credit Card,1948.6240000000003,success
4651,477,2024-01-03,West,Loan,2163.59,success
4652,411,2024-01-03,South,Loan,3018.61,failed
4653,450,2024-02-11,West,Credit Card,2073.54,success
4654,484,2024-01-27,North,Credit Card,2255.27,success
4655,374,2024-01-05,North,Savings,2100.87,failed
4656,371,2024-02-11,South,Loan,1982.72,success
4657,0,2024-01-07,South,Loan,2452.86,success
4658,119,2024-02-27,South,Credit Card,1948.09,success
4659,65,2024-01-22,South,Credit Card,1409.77,success
4660,215,2024-02-04,East,Savings,2796.01,success
4661,203,2024-01-15,West,Credit Card,1706.13,failed
4662,402,2024-01-02,East,Loan,1278.4,failed
4663,353,2024-01-11,East,Credit Card,2319.09,success
4664,3,2024-02-03,East,Loan,2872.16,failed
4665,306,2024-03-13,North,Savings,2331.8,success
4666,344,2024-01-11,West,Credit Card,2707.42,success
4667,13,2024-02-04,South,Savings,1562.9,success
4668,357,2024-02-22,South,Loan,1416.07,success
4669,307,2024-02-06,West,Credit Card,1835.81,success
4670,133,2024-03-29,North,Credit Card,2043.0880000000002,failed
4671,340,2024-02-26,North,Savings,2283.3,success
4672,23,2024-01-19,North,Loan,2322.16,success
4673,129,2024-02-16,North,Loan,2073.24,success
4674,391,2024-03-11,North,Credit Card,1845.25,success
4675,18,2024-03-05,East,Credit Card,2096.0,success
4676,373,2024-01-21,West,Loan,1930.83,success
4677,44,2024-02-24,West,Loan,1811.29,success
4678,81,2024-03-28,East,Savings,1765.2560000000003,success
4679,129,2024-03-18,North,Loan,1506.7200000000003,success
4680,475,2024-03-12,North,Savings,2146.41,success
4681,226,2024-03-20,West,Savings,847.8240000000001,success
4682,275,2024-03-05,North,Credit Card,2103.57,failed
4683,134,2024-01-26,South,Loan,1880.36,success
4684,249,2024-01-03,North,Savings,2739.06,success
4685,216,2024-01-02,East,Loan,1258.8,success
4686,325,2024-03-28,West,Loan,1652.448,success
4687,448,2024-03-05,South,Savings,2442.42,success
4688,143,2024-03-14,East,Credit Card,1950.34,success
4689,329,2024-02-01,North,Credit Card,1863.79,success
4690,292,2024-03-21,East,Savings,1952.4240000000002,failed
4691,470,2024-02-18,West,Credit Card,2270.29,failed
4692,52,2024-02-09,South,Loan,2309.54,success
4693,330,2024-03-11,East,Loan,1812.25,success
4694,224,2024-01-01,East,Savings,1751.34,success
4695,458,2024-03-30,South,Credit Card,1717.632,success
4696,255,2024-03-17,West,Savings,1988.5680000000002,success
4697,139,2024-02-15,South,Savings,1352.37,success
4698,226,2024-01-20,West,Loan,1967.83,success
4699,151,2024-03-10,North,Loan,1772.41,success
4700,93,2024-01-19,North,Loan,2026.23,success
4701,428,2024-01-22,South,Credit Card,2389.91,success
4702,202,2024-03-07,North,Loan,1605.98,success
4703,241,2024-02-21,North,Savings,2328.46,success
4704,449,2024-01-19,North,Credit Card,1828.33,success
4705,472,2024-02-22,North,Credit Card,2571.1,success
4706,467,2024-02-23,North,Savings,1632.66,success
4707,22,2024-03-28,North,Loan,1982.376,success
4708,489,2024-01-06,West,Loan,1398.04,success
4709,293,2024-01-27,South,Savings,2112.63,success
4710,439,2024-02-20,South,Credit Card,2339.65,success
4711,77,2024-03-26,East,Savings,1315.9440000000002,success
4712,223,2024-02-02,East,Credit Card,942.65,success
4713,365,2024-01-30,East,Loan,1788.05,success
4714,437,2024-01-21,North,Savings,2031.62,success
4715,357,2024-03-04,South,Savings,1862.08,success
4716,260,2024-02-25,East,Savings,1742.96,failed
4717,124,2024-03-21,East,Savings,1959.064,success
4718,211,2024-03-13,South,Loan,2628.1,success
4719,300,2024-01-04,South,Savings,2593.86,success
4720,156,2024-03-15,South,Savings,2248.32,success
4721,73,2024-03-01,North,Savings,2317.55,success
4722,85,2024-03-19,North,Loan,1253.248,success
4723,22,2024-01-12,North,Loan,1985.16,success
4724,131,2024-02-05,East,Loan,2072.13,failed
4725,173,2024-02-21,East,Loan,2165.39,success
4726,144,2024-03-02,South,Loan,2156.43,success
4727,109,2024-01-19,North,Loan,2032.87,success
4728,487,2024-02-14,North,Credit Card,2242.3,success
4729,300,2024-03-18,South,Credit Card,1706.992,success
4730,401,2024-02-23,East,Loan,2132.58,success
4731,371,2024-01-31,South,Credit Card,1675.5,success
4732,93,2024-02-06,North,Credit Card,1459.29,success
4733,222,2024-02-08,East,Savings,2167.92,success
4734,304,2024-01-10,East,Loan,1808.59,success
4735,322,2024-03-02,East,Savings,1696.96,success
4736,485,2024-03-20,North,Savings,1882.6000000000001,success
4737,383,2024-01-11,West,Loan,1990.44,success
4738,395,2024-03-06,South,Credit Card,2710.09,failed
4739,451,2024-03-02,North,Loan,2296.06,failed
4740,463,2024-02-06,North,Savings,1646.67,success
4741,454,2024-01-06,North,Loan,2359.8,success
4742,110,2024-02-22,East,Savings,2217.61,success
4743,94,2024-01-05,North,Loan,1629.25,success
4744,460,2024-01-29,North,Savings,1750.27,success
4745,335,2024-02-18,South,Savings,2334.54,success
4746,441,2024-02-25,East,Savings,1167.44,success
4747,299,2024-03-22,East,Loan,799.3040000000001,success
4748,323,2024-02-14,East,Credit Card,2103.93,success
4749,346,2024-02-16,North,Credit Card,2066.3,success
4750,262,2024-03-28,West,Credit Card,1718.376,success
4751,197,2024-01-03,West,Loan,2067.71,success
4752,314,2024-02-08,North,Credit Card,2235.7,success
4753,145,2024-03-15,South,Loan,2635.95,success
4754,47,2024-02-03,South,Loan,2022.28,success
4755,402,2024-03-20,East,Savings,1053.5520000000001,success
4756,36,2024-03-21,East,Loan,892.7360000000001,success
4757,44,2024-01-20,West,Loan,1849.66,success
4758,491,2024-02-17,North,Savings,1862.05,success
4759,457,2024-03-21,North,Loan,1110.24,failed
4760,480,2024-03-14,West,Credit Card,921.78,success
4761,429,2024-03-22,West,Credit Card,1451.496,failed
4762,380,2024-03-01,West,Loan,2868.99,success
4763,384,2024-01-10,North,Savings,2214.48,failed
4764,137,2024-02-25,East,Loan,2169.38,success
4765,59,2024-03-06,West,Loan,1935.8,success
4766,317,2024-01-14,West,Savings,1848.87,success
4767,0,2024-02-07,South,Loan,2265.43,success
4768,218,2024-01-06,West,Credit Card,1438.4,success
4769,333,2024-03-04,West,Savings,3022.83,success
4770,93,2024-02-10,North,Loan,1471.24,failed
4771,31,2024-02-03,West,Savings,2311.67,success
4772,287,2024-03-03,West,Savings,1511.69,success
4773,356,2024-01-18,East,Credit Card,2080.13,success
4774,146,2024-03-02,South,Loan,2367.05,success
4775,237,2024-01-13,West,Loan,1231.15,success
4776,287,2024-01-26,West,Savings,1560.18,failed
4777,469,2024-01-04,East,Savings,1589.84,success
4778,343,2024-01-17,South,Loan,1888.49,failed
4779,493,2024-01-23,North,Savings,2141.02,success
4780,137,2024-01-05,East,Loan,2881.49,success
4781,436,2024-02-07,East,Savings,1746.14,success
4782,35,2024-02-02,South,Savings,2841.66,success
4783,321,2024-03-24,West,Loan,1757.1040000000003,success
4784,252,2024-02-01,West,Credit Card,1456.13,success
4785,397,2024-02-19,South,Savings,1938.05,success
4786,251,2024-01-22,East,Credit Card,1324.35,success
4787,313,2024-02-10,East,Credit Card,1849.94,success
4788,355,2024-02-22,South,Credit Card,1816.83,success
4789,292,2024-02-07,East,Loan,2088.38,success
4790,105,2024-02-08,North,Loan,2313.44,failed
4791,468,2024-01-21,West,Loan,1975.62,success
4792,126,2024-02-08,North,Credit Card,1505.74,success
4793,86,2024-03-28,West,Savings,2496.3680000000004,failed
4794,423,2024-03-07,West,Credit Card,2707.6,success
4795,490,2024-02-10,South,Savings,2920.91,success
4796,456,2024-01-06,North,Loan,1927.33,success
4797,291,2024-03-05,East,Credit Card,2173.7,success
4798,214,2024-03-24,North,Loan,1520.3760000000002,failed
4799,45,2024-01-24,West,Loan,2092.41,success
4800,263,2024-02-20,North,Savings,2118.82,success
4801,37,2024-03-04,West,Loan,1394.63,success
4802,102,2024-01-31,East,Credit Card,1858.88,success
4803,435,2024-02-11,West,Loan,2525.39,success
4804,192,2024-03-26,North,Credit Card,1981.2,success
4805,437,2024-02-24,North,Savings,1850.06,failed
4806,490,2024-01-02,South,Savings,2128.39,success
4807,232,2024-01-30,East,Loan,1885.76,success
4808,267,2024-01-07,South,Savings,2333.53,success
4809,9,2024-02-12,West,Loan,1227.47,success
4810,163,2024-03-12,East,Loan,2266.85,success
4811,221,2024-01-12,South,Credit Card,2746.48,success
4812,78,2024-03-23,West,Loan,1336.392,success
4813,262,2024-02-18,West,Credit Card,2664.32,success
4814,200,2024-02-11,West,Savings,2153.52,success
4815,223,2024-02-24,East,Savings,1974.38,failed
4816,263,2024-01-22,North,Credit Card,1846.38,failed
4817,2,2024-01-21,South,Savings,2684.55,success
4818,59,2024-03-14,West,Loan,1887.32,success
4819,50,2024-03-31,East,Savings,2266.664,success
4820,448,2024-01-05,South,Savings,2762.26,success
4821,222,2024-02-02,East,Credit Card,1777.53,success
4822,91,2024-02-20,North,Loan,1922.68,success
4823,99,2024-01-18,West,Credit Card,1093.35,success
4824,353,2024-01-11,East,Credit Card,1990.34,success
4825,270,2024-02-02,North,Loan,2050.82,success
4826,385,2024-03-04,East,Credit Card,2583.61,success
4827,218,2024-01-18,West,Loan,2794.22,success
4828,92,2024-01-26,South,Savings,2382.7,success
4829,475,2024-02-29,North,Credit Card,2536.71,success
4830,50,2024-03-05,East,Loan,1922.29,success
4831,303,2024-03-19,West,Savings,1137.72,success
4832,81,2024-03-29,East,Loan,1722.064,success
4833,443,2024-02-10,South,Credit Card,2574.05,success
4834,137,2024-02-16,East,Credit Card,739.58,success
4835,34,2024-01-12,East,Loan,2074.4,success
4836,240,2024-03-09,West,Loan,1149.69,failed
4837,244,2024-02-20,South,Loan,1632.63,success
4838,5,2024-02-14,East,Loan,2094.32,success
4839,461,2024-02-27,East,Loan,2804.03,success
4840,132,2024-02-17,East,Loan,2023.65,success
4841,106,2024-01-19,South,Credit Card,2347.33,success
4842,463,2024-02-09,North,Credit Card,2147.61,success
4843,99,2024-01-04,West,Credit Card,1660.28,success
4844,74,2024-01-17,South,Credit Card,2244.59,failed
4845,375,2024-02-04,North,Loan,1410.11,success
4846,108,2024-03-21,North,Credit Card,1613.208,success
4847,354,2024-03-07,South,Credit Card,2673.47,failed
4848,432,2024-01-25,South,Loan,2108.34,success
4849,417,2024-03-09,North,Loan,2147.83,success
4850,70,2024-01-01,South,Loan,1849.24,success
4851,294,2024-03-21,South,Loan,1006.224,failed
4852,235,2024-01-17,North,Loan,1903.33,success
4853,196,2024-01-26,North,Loan,2448.4,success
4854,122,2024-01-12,West,Credit Card,2211.16,success
4855,484,2024-03-11,North,Loan,1435.68,success
4856,289,2024-01-24,East,Credit Card,1127.73,failed
4857,437,2024-03-05,North,Loan,1654.86,success
4858,68,2024-01-12,South,Loan,1908.23,success
4859,180,2024-02-18,West,Savings,1942.52,success
4860,139,2024-02-06,South,Savings,1948.95,success
4861,345,2024-03-09,East,Credit Card,2018.78,success
4862,499,2024-01-09,South,Savings,2228.18,success
4863,160,2024-02-11,North,Credit Card,1816.46,success
4864,228,2024-02-27,West,Credit Card,1551.71,success
4865,135,2024-01-08,East,Savings,2286.72,success
4866,465,2024-03-16,South,Credit Card,1969.192,success
4867,242,2024-01-22,South,Loan,1739.68,success
4868,357,2024-03-29,South,Savings,2421.8080000000004,success
4869,224,2024-02-06,East,Credit Card,2771.4,success
4870,254,2024-03-05,South,Loan,1467.16,success
4871,479,2024-02-26,West,Savings,1158.13,success
4872,47,2024-03-27,South,Loan,1543.3360000000002,success
4873,401,2024-02-25,East,Loan,2151.16,success
4874,412,2024-02-28,West,Loan,3017.77,success
4875,68,2024-02-10,South,Credit Card,2996.05,success
4876,387,2024-01-31,South,Loan,2348.62,success
4877,460,2024-02-04,North,Savings,1826.24,success
4878,463,2024-02-18,North,Credit Card,2608.22,success
4879,121,2024-02-08,North,Savings,2077.76,success
4880,227,2024-01-25,West,Loan,1368.57,success
4881,83,2024-01-17,East,Savings,1385.24,success
4882,413,2024-02-21,North,Credit Card,1829.45,success
4883,440,2024-01-25,West,Loan,2510.98,success
4884,146,2024-03-13,South,Loan,1504.69,success
4885,7,2024-02-12,North,Loan,1828.4,success
4886,153,2024-03-20,West,Loan,2212.952,success
4887,361,2024-01-01,West,Loan,2210.27,success
4888,367,2024-03-14,North,Savings,2924.05,failed
4889,58,2024-03-02,North,Loan,2270.01,success
4890,191,2024-01-31,South,Credit Card,2531.08,failed
4891,282,2024-02-13,East,Savings,1838.24,success
4892,83,2024-03-07,East,Loan,2806.49,success
4893,442,2024-01-20,West,Loan,2364.62,success
4894,310,2024-02-12,North,Loan,1958.41,success
4895,107,2024-03-17,North,Credit Card,2150.936,success
4896,388,2024-01-02,South,Loan,2340.82,success
4897,78,2024-03-11,West,Savings,2007.05,failed
4898,404,2024-01-20,South,Credit Card,2285.47,success
4899,2,2024-01-16,South,Loan,1592.8,success
4900,28,2024-03-05,North,Savings,2610.28,success
4901,271,2024-01-20,North,Savings,3006.78,success
4902,324,2024-01-18,East,Savings,1238.41,success
4903,13,2024-01-02,South,Credit Card,1734.29,success
4904,400,2024-01-28,East,Credit Card,1694.5,success
4905,471,2024-02-08,East,Savings,2398.17,success
4906,122,2024-01-04,West,Credit Card,2124.45,success
4907,42,2024-02-28,East,Credit Card,1804.42,success
4908,41,2024-03-27,East,Credit Card,1500.816,failed
4909,327,2024-02-29,North,Loan,1760.02,success
4910,373,2024-01-31,West,Loan,2329.32,success
4911,248,2024-03-26,North,Loan,1692.88,failed
4912,314,2024-01-01,North,Loan,1852.47,success
4913,103,2024-01-09,West,Credit Card,1768.57,success
4914,124,2024-01-28,East,Credit Card,2698.92,success
4915,226,2024-02-25,West,Loan,2595.59,success
4916,80,2024-02-29,West,Savings,2335.51,success
4917,202,2024-02-24,North,Loan,2534.0,success
4918,53,2024-02-18,West,Credit Card,1372.99,success
4919,179,2024-03-22,East,Loan,1200.424,failed
4920,182,2024-02-25,South,Loan,1450.66,success
4921,468,2024-03-12,West,Credit Card,2022.28,success
4922,322,2024-02-07,East,Loan,2552.5,failed
4923,251,2024-01-15,East,Savings,1811.23,success
4924,365,2024-03-08,East,Loan,2628.81,success
4925,431,2024-01-08,North,Savings,1733.27,success
4926,167,2024-02-25,West,Savings,1952.43,failed
4927,117,2024-01-03,North,Savings,1805.76,success
4928,465,2024-03-20,South,Credit Card,1531.5280000000002,failed
4929,33,2024-02-14,South,Credit Card,1966.94,success
4930,275,2024-01-16,North,Credit Card,1145.39,success
4931,471,2024-01-19,East,Loan,2195.85,success
4932,493,2024-02-16,North,Credit Card,1955.4,success
4933,265,2024-02-14,North,Credit Card,2805.15,success
4934,196,2024-03-18,North,Loan,1847.2240000000002,success
4935,289,2024-02-28,East,Credit Card,2173.26,success
4936,182,2024-02-11,South,Credit Card,2768.7,success
4937,211,2024-03-04,South,Credit Card,2707.06,success
4938,39,2024-03-29,North,Savings,2265.68,success
4939,416,2024-01-16,East,Loan,1761.97,success
4940,69,2024-02-22,North,Credit Card,1439.55,success
4941,312,2024-02-05,East,Loan,1147.61,success
4942,163,2024-03-26,East,Savings,2021.016,success
4943,429,2024-02-27,West,Credit Card,1078.53,success
4944,226,2024-02-02,West,Savings,2123.64,failed
4945,92,2024-01-12,South,Savings,2443.29,failed
4946,130,2024-03-25,West,Credit Card,1019.5120000000002,failed
4947,341,2024-02-22,South,Loan,1537.87,failed
4948,304,2024-01-24,East,Loan,2606.59,success
4949,59,2024-03-02,West,Savings,2266.45,success
4950,442,2024-02-13,West,Loan,2603.27,success
4951,212,2024-03-17,South,Savings,1707.6240000000003,success
4952,163,2024-02-05,East,Loan,1549.92,success
4953,161,2024-03-31,North,Loan,1434.624,failed
4954,39,2024-02-28,North,Savings,2469.48,success
4955,417,2024-03-17,North,Credit Card,988.088,success
4956,94,2024-02-05,North,Savings,1754.23,success
4957,389,2024-02-06,East,Loan,1686.48,success
4958,56,2024-03-10,East,Loan,1973.62,success
4959,174,2024-02-27,North,Loan,2326.74,success
4960,259,2024-01-23,North,Credit Card,2588.5,success
4961,224,2024-02-18,East,Loan,1343.77,success
4962,265,2024-02-11,North,Credit Card,1580.82,success
4963,6,2024-02-15,South,Loan,1393.67,failed
4964,398,2024-02-22,East,Credit Card,1993.25,success
4965,472,2024-02-29,North,Savings,1446.63,success
4966,215,2024-03-01,East,Savings,2191.73,failed
4967,417,2024-03-20,North,Credit Card,1203.5600000000002,failed
4968,299,2024-02-07,East,Loan,2664.9,success
4969,185,2024-01-21,West,Loan,1162.21,success
4970,10,2024-02-26,North,Savings,1596.74,success
4971,277,2024-01-31,West,Savings,2838.6,success
4972,276,2024-01-02,East,Loan,2109.54,success
4973,367,2024-03-24,North,Savings,1409.8400000000001,success
4974,140,2024-03-06,South,Loan,3384.19,success
4975,159,2024-01-11,West,Loan,1874.22,success
4976,104,2024-02-01,North,Savings,2305.54,success
4977,279,2024-02-28,North,Savings,1616.77,success
4978,193,2024-01-22,West,Savings,1533.44,success
4979,346,2024-03-12,North,Credit Card,2336.74,success
4980,327,2024-03-12,North,Savings,2893.62,success
4981,278,2024-01-24,North,Credit Card,1783.0,success
4982,206,2024-01-18,East,Loan,1499.5,success
4983,197,2024-03-08,West,Loan,2516.59,success
4984,360,2024-03-31,South,Savings,1430.16,success
4985,129,2024-01-11,North,Savings,2198.82,success
4986,28,2024-01-20,North,Credit Card,1768.63,success
4987,137,2024-03-29,East,Loan,1477.1840000000002,failed
4988,244,2024-01-16,South,Credit Card,1578.35,success
4989,223,2024-01-27,East,Loan,2351.02,success
4990,222,2024-03-13,East,Savings,2214.18,failed
4991,173,2024-03-25,East,Savings,1756.728,success
4992,371,2024-02-10,South,Savings,1663.8,success
4993,28,2024-03-30,North,Savings,1734.6000000000001,success
4994,258,2024-01-20,South,Savings,2976.53,success
4995,163,2024-02-08,East,Savings,1502.57,success
4996,137,2024-01-18,East,Credit Card,1620.1,failed
4997,27,2024-02-03,North,Loan,1644.99,success
4998,367,2024-01-04,North,Savings,2065.0,success
4999,359,2024-03-11,East,Credit Card,1468.48,success
